date,cohort,dimension,value,users,share
2026-05-15,dau,channel,Direct,353,0.7673913043478261
2026-05-15,dau,channel,Google Ads,64,0.1391304347826087
2026-05-15,dau,channel,SEO / Organic Search,28,0.06086956521739131
2026-05-15,dau,channel,Referral,8,0.017391304347826087
2026-05-15,dau,channel,Meta Ads,4,0.008695652173913044
2026-05-15,dau,channel,Organic Social,3,0.006521739130434782
2026-05-15,dau,interface,Web App,460,1.0
2026-05-15,dau,region,India,72,0.1565217391304348
2026-05-15,dau,region,Indonesia,71,0.15434782608695652
2026-05-15,dau,region,Pakistan,47,0.10217391304347827
2026-05-15,dau,region,United States,42,0.09130434782608696
2026-05-15,dau,region,Brazil,21,0.04565217391304348
2026-05-15,dau,region,Bangladesh,19,0.041304347826086954
2026-05-15,dau,region,Morocco,16,0.034782608695652174
2026-05-15,dau,region,Vietnam,14,0.030434782608695653
2026-05-15,dau,region,United Kingdom,14,0.030434782608695653
2026-05-15,dau,region,Singapore,12,0.02608695652173913
2026-05-15,dau,region,Algeria,10,0.021739130434782608
2026-05-15,dau,region,Canada,10,0.021739130434782608
2026-05-15,dau,region,France,9,0.01956521739130435
2026-05-15,dau,region,Australia,8,0.017391304347826087
2026-05-15,dau,region,Nigeria,8,0.017391304347826087
2026-05-15,dau,region,Colombia,7,0.015217391304347827
2026-05-15,dau,region,Nepal,6,0.013043478260869565
2026-05-15,dau,region,Iraq,5,0.010869565217391304
2026-05-15,dau,region,Slovenia,5,0.010869565217391304
2026-05-15,dau,region,Mexico,5,0.010869565217391304
2026-05-15,dau,region,Tunisia,4,0.008695652173913044
2026-05-15,dau,region,South Korea,4,0.008695652173913044
2026-05-15,dau,region,Myanmar,3,0.006521739130434782
2026-05-15,dau,region,Philippines,3,0.006521739130434782
2026-05-15,dau,region,Venezuela,2,0.004347826086956522
2026-05-15,dau,region,Poland,2,0.004347826086956522
2026-05-15,dau,region,Germany,2,0.004347826086956522
2026-05-15,dau,region,Ghana,2,0.004347826086956522
2026-05-15,dau,region,Ukraine,2,0.004347826086956522
2026-05-15,dau,region,Kenya,2,0.004347826086956522
2026-05-15,dau,region,Bolivia,2,0.004347826086956522
2026-05-15,dau,region,Japan,2,0.004347826086956522
2026-05-15,dau,region,The Netherlands,2,0.004347826086956522
2026-05-15,dau,region,Belarus,2,0.004347826086956522
2026-05-15,dau,region,Sri Lanka,2,0.004347826086956522
2026-05-15,dau,region,Uzbekistan,2,0.004347826086956522
2026-05-15,dau,region,Russia,2,0.004347826086956522
2026-05-15,dau,region,Denmark,1,0.002173913043478261
2026-05-15,dau,region,Kazakhstan,1,0.002173913043478261
2026-05-15,dau,region,Ethiopia,1,0.002173913043478261
2026-05-15,dau,region,China,1,0.002173913043478261
2026-05-15,dau,region,Ecuador,1,0.002173913043478261
2026-05-15,dau,region,Spain,1,0.002173913043478261
2026-05-15,dau,region,Italy,1,0.002173913043478261
2026-05-15,dau,region,Bulgaria,1,0.002173913043478261
2026-05-15,dau,region,Malaysia,1,0.002173913043478261
2026-05-15,dau,region,Kosovo,1,0.002173913043478261
2026-05-15,dau,region,Latvia,1,0.002173913043478261
2026-05-15,dau,region,Chile,1,0.002173913043478261
2026-05-15,dau,region,Egypt,1,0.002173913043478261
2026-05-15,dau,region,Togo,1,0.002173913043478261
2026-05-15,dau,region,Thailand,1,0.002173913043478261
2026-05-15,dau,region,Peru,1,0.002173913043478261
2026-05-15,dau,region,Moldova,1,0.002173913043478261
2026-05-15,dau,region,Sweden,1,0.002173913043478261
2026-05-15,dau,region,Finland,1,0.002173913043478261
2026-05-15,new,channel,Direct,265,0.7636887608069164
2026-05-15,new,channel,Google Ads,53,0.15273775216138327
2026-05-15,new,channel,SEO / Organic Search,21,0.06051873198847262
2026-05-15,new,channel,Organic Social,3,0.008645533141210375
2026-05-15,new,channel,Meta Ads,3,0.008645533141210375
2026-05-15,new,channel,Referral,2,0.005763688760806916
2026-05-15,new,interface,Web App,347,1.0
2026-05-15,new,region,Indonesia,58,0.16714697406340057
2026-05-15,new,region,India,49,0.14121037463976946
2026-05-15,new,region,Pakistan,36,0.1037463976945245
2026-05-15,new,region,United States,35,0.10086455331412104
2026-05-15,new,region,Brazil,16,0.04610951008645533
2026-05-15,new,region,Vietnam,13,0.037463976945244955
2026-05-15,new,region,Bangladesh,13,0.037463976945244955
2026-05-15,new,region,United Kingdom,11,0.03170028818443804
2026-05-15,new,region,Morocco,10,0.02881844380403458
2026-05-15,new,region,Algeria,8,0.023054755043227664
2026-05-15,new,region,Canada,8,0.023054755043227664
2026-05-15,new,region,France,7,0.020172910662824207
2026-05-15,new,region,Colombia,6,0.01729106628242075
2026-05-15,new,region,Nigeria,6,0.01729106628242075
2026-05-15,new,region,Iraq,5,0.01440922190201729
2026-05-15,new,region,Slovenia,5,0.01440922190201729
2026-05-15,new,region,Mexico,5,0.01440922190201729
2026-05-15,new,region,Nepal,5,0.01440922190201729
2026-05-15,new,region,Australia,5,0.01440922190201729
2026-05-15,new,region,Myanmar,3,0.008645533141210375
2026-05-15,new,region,Philippines,3,0.008645533141210375
2026-05-15,new,region,Poland,2,0.005763688760806916
2026-05-15,new,region,Ukraine,2,0.005763688760806916
2026-05-15,new,region,The Netherlands,2,0.005763688760806916
2026-05-15,new,region,Singapore,2,0.005763688760806916
2026-05-15,new,region,Belarus,2,0.005763688760806916
2026-05-15,new,region,Sri Lanka,2,0.005763688760806916
2026-05-15,new,region,Uzbekistan,2,0.005763688760806916
2026-05-15,new,region,Russia,2,0.005763688760806916
2026-05-15,new,region,Tunisia,2,0.005763688760806916
2026-05-15,new,region,Denmark,1,0.002881844380403458
2026-05-15,new,region,Venezuela,1,0.002881844380403458
2026-05-15,new,region,Kazakhstan,1,0.002881844380403458
2026-05-15,new,region,Germany,1,0.002881844380403458
2026-05-15,new,region,China,1,0.002881844380403458
2026-05-15,new,region,Ecuador,1,0.002881844380403458
2026-05-15,new,region,Kenya,1,0.002881844380403458
2026-05-15,new,region,Spain,1,0.002881844380403458
2026-05-15,new,region,Bolivia,1,0.002881844380403458
2026-05-15,new,region,Japan,1,0.002881844380403458
2026-05-15,new,region,Italy,1,0.002881844380403458
2026-05-15,new,region,Malaysia,1,0.002881844380403458
2026-05-15,new,region,Kosovo,1,0.002881844380403458
2026-05-15,new,region,Latvia,1,0.002881844380403458
2026-05-15,new,region,Chile,1,0.002881844380403458
2026-05-15,new,region,Egypt,1,0.002881844380403458
2026-05-15,new,region,Togo,1,0.002881844380403458
2026-05-15,new,region,Thailand,1,0.002881844380403458
2026-05-15,new,region,Peru,1,0.002881844380403458
2026-05-15,new,region,South Korea,1,0.002881844380403458
2026-05-15,new,region,Moldova,1,0.002881844380403458
2026-05-15,new,region,Finland,1,0.002881844380403458
2026-05-15,returning,channel,Direct,88,0.7787610619469026
2026-05-15,returning,channel,Google Ads,11,0.09734513274336283
2026-05-15,returning,channel,SEO / Organic Search,7,0.061946902654867256
2026-05-15,returning,channel,Referral,6,0.05309734513274336
2026-05-15,returning,channel,Meta Ads,1,0.008849557522123894
2026-05-15,returning,interface,Web App,113,1.0
2026-05-15,returning,region,India,23,0.20353982300884957
2026-05-15,returning,region,Indonesia,13,0.11504424778761062
2026-05-15,returning,region,Pakistan,11,0.09734513274336283
2026-05-15,returning,region,Singapore,10,0.08849557522123894
2026-05-15,returning,region,United States,7,0.061946902654867256
2026-05-15,returning,region,Bangladesh,6,0.05309734513274336
2026-05-15,returning,region,Morocco,6,0.05309734513274336
2026-05-15,returning,region,Brazil,5,0.04424778761061947
2026-05-15,returning,region,United Kingdom,3,0.02654867256637168
2026-05-15,returning,region,Australia,3,0.02654867256637168
2026-05-15,returning,region,South Korea,3,0.02654867256637168
2026-05-15,returning,region,Ghana,2,0.017699115044247787
2026-05-15,returning,region,Tunisia,2,0.017699115044247787
2026-05-15,returning,region,Canada,2,0.017699115044247787
2026-05-15,returning,region,Algeria,2,0.017699115044247787
2026-05-15,returning,region,France,2,0.017699115044247787
2026-05-15,returning,region,Nigeria,2,0.017699115044247787
2026-05-15,returning,region,Vietnam,1,0.008849557522123894
2026-05-15,returning,region,Venezuela,1,0.008849557522123894
2026-05-15,returning,region,Ethiopia,1,0.008849557522123894
2026-05-15,returning,region,Bulgaria,1,0.008849557522123894
2026-05-15,returning,region,Nepal,1,0.008849557522123894
2026-05-15,returning,region,Japan,1,0.008849557522123894
2026-05-15,returning,region,Kenya,1,0.008849557522123894
2026-05-15,returning,region,Germany,1,0.008849557522123894
2026-05-15,returning,region,Colombia,1,0.008849557522123894
2026-05-15,returning,region,Bolivia,1,0.008849557522123894
2026-05-15,returning,region,Sweden,1,0.008849557522123894
2026-05-16,dau,channel,Direct,395,0.7790927021696252
2026-05-16,dau,channel,Google Ads,63,0.1242603550295858
2026-05-16,dau,channel,SEO / Organic Search,29,0.05719921104536489
2026-05-16,dau,channel,Organic Social,8,0.015779092702169626
2026-05-16,dau,channel,Referral,8,0.015779092702169626
2026-05-16,dau,channel,Meta Ads,4,0.007889546351084813
2026-05-16,dau,interface,Web App,507,1.0
2026-05-16,dau,region,India,77,0.15187376725838264
2026-05-16,dau,region,Indonesia,73,0.14398422090729784
2026-05-16,dau,region,Pakistan,65,0.1282051282051282
2026-05-16,dau,region,United States,41,0.08086785009861933
2026-05-16,dau,region,Bangladesh,30,0.05917159763313609
2026-05-16,dau,region,Morocco,20,0.03944773175542406
2026-05-16,dau,region,United Kingdom,19,0.03747534516765286
2026-05-16,dau,region,Brazil,18,0.03550295857988166
2026-05-16,dau,region,Algeria,12,0.023668639053254437
2026-05-16,dau,region,Germany,12,0.023668639053254437
2026-05-16,dau,region,Vietnam,10,0.01972386587771203
2026-05-16,dau,region,Mexico,7,0.013806706114398421
2026-05-16,dau,region,France,6,0.011834319526627219
2026-05-16,dau,region,Nigeria,5,0.009861932938856016
2026-05-16,dau,region,Latvia,5,0.009861932938856016
2026-05-16,dau,region,The Netherlands,5,0.009861932938856016
2026-05-16,dau,region,Australia,5,0.009861932938856016
2026-05-16,dau,region,Egypt,5,0.009861932938856016
2026-05-16,dau,region,Canada,5,0.009861932938856016
2026-05-16,dau,region,Slovenia,4,0.007889546351084813
2026-05-16,dau,region,Iraq,4,0.007889546351084813
2026-05-16,dau,region,Türkiye,4,0.007889546351084813
2026-05-16,dau,region,Philippines,4,0.007889546351084813
2026-05-16,dau,region,Saudi Arabia,3,0.005917159763313609
2026-05-16,dau,region,Nepal,3,0.005917159763313609
2026-05-16,dau,region,Lithuania,3,0.005917159763313609
2026-05-16,dau,region,Ukraine,3,0.005917159763313609
2026-05-16,dau,region,Sweden,3,0.005917159763313609
2026-05-16,dau,region,Poland,3,0.005917159763313609
2026-05-16,dau,region,Russia,3,0.005917159763313609
2026-05-16,dau,region,Tunisia,3,0.005917159763313609
2026-05-16,dau,region,Uzbekistan,3,0.005917159763313609
2026-05-16,dau,region,Sri Lanka,3,0.005917159763313609
2026-05-16,dau,region,Senegal,3,0.005917159763313609
2026-05-16,dau,region,Chile,2,0.0039447731755424065
2026-05-16,dau,region,South Korea,2,0.0039447731755424065
2026-05-16,dau,region,Ecuador,2,0.0039447731755424065
2026-05-16,dau,region,Thailand,2,0.0039447731755424065
2026-05-16,dau,region,Malaysia,2,0.0039447731755424065
2026-05-16,dau,region,Ghana,2,0.0039447731755424065
2026-05-16,dau,region,Estonia,2,0.0039447731755424065
2026-05-16,dau,region,Singapore,2,0.0039447731755424065
2026-05-16,dau,region,Ethiopia,1,0.0019723865877712033
2026-05-16,dau,region,Israel,1,0.0019723865877712033
2026-05-16,dau,region,Kazakhstan,1,0.0019723865877712033
2026-05-16,dau,region,Romania,1,0.0019723865877712033
2026-05-16,dau,region,Peru,1,0.0019723865877712033
2026-05-16,dau,region,Taiwan,1,0.0019723865877712033
2026-05-16,dau,region,Denmark,1,0.0019723865877712033
2026-05-16,dau,region,Serbia,1,0.0019723865877712033
2026-05-16,dau,region,Argentina,1,0.0019723865877712033
2026-05-16,dau,region,Japan,1,0.0019723865877712033
2026-05-16,dau,region,United Arab Emirates,1,0.0019723865877712033
2026-05-16,dau,region,Yemen,1,0.0019723865877712033
2026-05-16,dau,region,Bolivia,1,0.0019723865877712033
2026-05-16,dau,region,Austria,1,0.0019723865877712033
2026-05-16,dau,region,China,1,0.0019723865877712033
2026-05-16,dau,region,Cyprus,1,0.0019723865877712033
2026-05-16,dau,region,Trinidad and Tobago,1,0.0019723865877712033
2026-05-16,dau,region,Gambia,1,0.0019723865877712033
2026-05-16,dau,region,Venezuela,1,0.0019723865877712033
2026-05-16,dau,region,Colombia,1,0.0019723865877712033
2026-05-16,dau,region,Congo (DRC),1,0.0019723865877712033
2026-05-16,dau,region,Bahrain,1,0.0019723865877712033
2026-05-16,new,channel,Direct,258,0.7371428571428571
2026-05-16,new,channel,Google Ads,59,0.16857142857142857
2026-05-16,new,channel,SEO / Organic Search,16,0.045714285714285714
2026-05-16,new,channel,Organic Social,7,0.02
2026-05-16,new,channel,Referral,6,0.017142857142857144
2026-05-16,new,channel,Meta Ads,4,0.011428571428571429
2026-05-16,new,interface,Web App,350,1.0
2026-05-16,new,region,India,62,0.17714285714285713
2026-05-16,new,region,Indonesia,50,0.14285714285714285
2026-05-16,new,region,Pakistan,41,0.11714285714285715
2026-05-16,new,region,United States,30,0.08571428571428572
2026-05-16,new,region,Bangladesh,22,0.06285714285714286
2026-05-16,new,region,United Kingdom,15,0.04285714285714286
2026-05-16,new,region,Germany,9,0.025714285714285714
2026-05-16,new,region,Morocco,9,0.025714285714285714
2026-05-16,new,region,Brazil,9,0.025714285714285714
2026-05-16,new,region,Algeria,8,0.022857142857142857
2026-05-16,new,region,Mexico,7,0.02
2026-05-16,new,region,Vietnam,6,0.017142857142857144
2026-05-16,new,region,Latvia,5,0.014285714285714285
2026-05-16,new,region,The Netherlands,5,0.014285714285714285
2026-05-16,new,region,France,5,0.014285714285714285
2026-05-16,new,region,Türkiye,4,0.011428571428571429
2026-05-16,new,region,Philippines,4,0.011428571428571429
2026-05-16,new,region,Saudi Arabia,3,0.008571428571428572
2026-05-16,new,region,Poland,3,0.008571428571428572
2026-05-16,new,region,Russia,3,0.008571428571428572
2026-05-16,new,region,Canada,3,0.008571428571428572
2026-05-16,new,region,Australia,3,0.008571428571428572
2026-05-16,new,region,Lithuania,2,0.005714285714285714
2026-05-16,new,region,Ukraine,2,0.005714285714285714
2026-05-16,new,region,Sweden,2,0.005714285714285714
2026-05-16,new,region,Slovenia,2,0.005714285714285714
2026-05-16,new,region,Chile,2,0.005714285714285714
2026-05-16,new,region,Tunisia,2,0.005714285714285714
2026-05-16,new,region,Thailand,2,0.005714285714285714
2026-05-16,new,region,Uzbekistan,2,0.005714285714285714
2026-05-16,new,region,Ghana,2,0.005714285714285714
2026-05-16,new,region,Sri Lanka,2,0.005714285714285714
2026-05-16,new,region,Estonia,2,0.005714285714285714
2026-05-16,new,region,Nigeria,2,0.005714285714285714
2026-05-16,new,region,Egypt,2,0.005714285714285714
2026-05-16,new,region,Israel,1,0.002857142857142857
2026-05-16,new,region,Kazakhstan,1,0.002857142857142857
2026-05-16,new,region,Romania,1,0.002857142857142857
2026-05-16,new,region,Ecuador,1,0.002857142857142857
2026-05-16,new,region,Malaysia,1,0.002857142857142857
2026-05-16,new,region,Taiwan,1,0.002857142857142857
2026-05-16,new,region,Denmark,1,0.002857142857142857
2026-05-16,new,region,Serbia,1,0.002857142857142857
2026-05-16,new,region,South Korea,1,0.002857142857142857
2026-05-16,new,region,United Arab Emirates,1,0.002857142857142857
2026-05-16,new,region,Bolivia,1,0.002857142857142857
2026-05-16,new,region,Austria,1,0.002857142857142857
2026-05-16,new,region,Cyprus,1,0.002857142857142857
2026-05-16,new,region,Iraq,1,0.002857142857142857
2026-05-16,new,region,Senegal,1,0.002857142857142857
2026-05-16,new,region,Colombia,1,0.002857142857142857
2026-05-16,new,region,Singapore,1,0.002857142857142857
2026-05-16,new,region,Congo (DRC),1,0.002857142857142857
2026-05-16,returning,channel,Direct,137,0.8726114649681529
2026-05-16,returning,channel,SEO / Organic Search,13,0.08280254777070063
2026-05-16,returning,channel,Google Ads,4,0.025477707006369428
2026-05-16,returning,channel,Referral,2,0.012738853503184714
2026-05-16,returning,channel,Organic Social,1,0.006369426751592357
2026-05-16,returning,interface,Web App,157,1.0
2026-05-16,returning,region,Pakistan,24,0.15286624203821655
2026-05-16,returning,region,Indonesia,23,0.1464968152866242
2026-05-16,returning,region,India,15,0.09554140127388536
2026-05-16,returning,region,United States,11,0.07006369426751592
2026-05-16,returning,region,Morocco,11,0.07006369426751592
2026-05-16,returning,region,Brazil,9,0.05732484076433121
2026-05-16,returning,region,Bangladesh,8,0.050955414012738856
2026-05-16,returning,region,Algeria,4,0.025477707006369428
2026-05-16,returning,region,United Kingdom,4,0.025477707006369428
2026-05-16,returning,region,Vietnam,4,0.025477707006369428
2026-05-16,returning,region,Nepal,3,0.01910828025477707
2026-05-16,returning,region,Germany,3,0.01910828025477707
2026-05-16,returning,region,Nigeria,3,0.01910828025477707
2026-05-16,returning,region,Iraq,3,0.01910828025477707
2026-05-16,returning,region,Egypt,3,0.01910828025477707
2026-05-16,returning,region,Australia,2,0.012738853503184714
2026-05-16,returning,region,Canada,2,0.012738853503184714
2026-05-16,returning,region,Slovenia,2,0.012738853503184714
2026-05-16,returning,region,Senegal,2,0.012738853503184714
2026-05-16,returning,region,Ethiopia,1,0.006369426751592357
2026-05-16,returning,region,South Korea,1,0.006369426751592357
2026-05-16,returning,region,Peru,1,0.006369426751592357
2026-05-16,returning,region,Sweden,1,0.006369426751592357
2026-05-16,returning,region,Sri Lanka,1,0.006369426751592357
2026-05-16,returning,region,Argentina,1,0.006369426751592357
2026-05-16,returning,region,Malaysia,1,0.006369426751592357
2026-05-16,returning,region,France,1,0.006369426751592357
2026-05-16,returning,region,Uzbekistan,1,0.006369426751592357
2026-05-16,returning,region,Japan,1,0.006369426751592357
2026-05-16,returning,region,Ukraine,1,0.006369426751592357
2026-05-16,returning,region,Yemen,1,0.006369426751592357
2026-05-16,returning,region,China,1,0.006369426751592357
2026-05-16,returning,region,Tunisia,1,0.006369426751592357
2026-05-16,returning,region,Trinidad and Tobago,1,0.006369426751592357
2026-05-16,returning,region,Ecuador,1,0.006369426751592357
2026-05-16,returning,region,Gambia,1,0.006369426751592357
2026-05-16,returning,region,Venezuela,1,0.006369426751592357
2026-05-16,returning,region,Lithuania,1,0.006369426751592357
2026-05-16,returning,region,Bahrain,1,0.006369426751592357
2026-05-16,returning,region,Singapore,1,0.006369426751592357
2026-05-17,dau,channel,Direct,359,0.7872807017543859
2026-05-17,dau,channel,Google Ads,69,0.1513157894736842
2026-05-17,dau,channel,SEO / Organic Search,22,0.04824561403508772
2026-05-17,dau,channel,Organic Social,3,0.006578947368421052
2026-05-17,dau,channel,Referral,2,0.0043859649122807015
2026-05-17,dau,channel,Meta Ads,1,0.0021929824561403508
2026-05-17,dau,interface,Web App,456,1.0
2026-05-17,dau,region,India,73,0.1600877192982456
2026-05-17,dau,region,Pakistan,57,0.125
2026-05-17,dau,region,Indonesia,53,0.1162280701754386
2026-05-17,dau,region,United States,49,0.1074561403508772
2026-05-17,dau,region,Bangladesh,24,0.05263157894736842
2026-05-17,dau,region,Morocco,22,0.04824561403508772
2026-05-17,dau,region,Brazil,16,0.03508771929824561
2026-05-17,dau,region,The Netherlands,12,0.02631578947368421
2026-05-17,dau,region,Germany,10,0.021929824561403508
2026-05-17,dau,region,United Kingdom,10,0.021929824561403508
2026-05-17,dau,region,Algeria,9,0.019736842105263157
2026-05-17,dau,region,Egypt,8,0.017543859649122806
2026-05-17,dau,region,Vietnam,8,0.017543859649122806
2026-05-17,dau,region,Latvia,7,0.015350877192982455
2026-05-17,dau,region,Australia,6,0.013157894736842105
2026-05-17,dau,region,Philippines,6,0.013157894736842105
2026-05-17,dau,region,Denmark,5,0.010964912280701754
2026-05-17,dau,region,Nigeria,5,0.010964912280701754
2026-05-17,dau,region,Canada,5,0.010964912280701754
2026-05-17,dau,region,South Korea,4,0.008771929824561403
2026-05-17,dau,region,Malaysia,4,0.008771929824561403
2026-05-17,dau,region,Russia,4,0.008771929824561403
2026-05-17,dau,region,Singapore,4,0.008771929824561403
2026-05-17,dau,region,Poland,3,0.006578947368421052
2026-05-17,dau,region,Iraq,3,0.006578947368421052
2026-05-17,dau,region,Nepal,3,0.006578947368421052
2026-05-17,dau,region,Myanmar,3,0.006578947368421052
2026-05-17,dau,region,Portugal,2,0.0043859649122807015
2026-05-17,dau,region,Finland,2,0.0043859649122807015
2026-05-17,dau,region,Hong Kong,2,0.0043859649122807015
2026-05-17,dau,region,Sweden,2,0.0043859649122807015
2026-05-17,dau,region,Bulgaria,2,0.0043859649122807015
2026-05-17,dau,region,Norway,2,0.0043859649122807015
2026-05-17,dau,region,Senegal,2,0.0043859649122807015
2026-05-17,dau,region,Ukraine,2,0.0043859649122807015
2026-05-17,dau,region,Kenya,2,0.0043859649122807015
2026-05-17,dau,region,France,2,0.0043859649122807015
2026-05-17,dau,region,Türkiye,1,0.0021929824561403508
2026-05-17,dau,region,Maldives,1,0.0021929824561403508
2026-05-17,dau,region,Colombia,1,0.0021929824561403508
2026-05-17,dau,region,Sri Lanka,1,0.0021929824561403508
2026-05-17,dau,region,Japan,1,0.0021929824561403508
2026-05-17,dau,region,Trinidad and Tobago,1,0.0021929824561403508
2026-05-17,dau,region,Tunisia,1,0.0021929824561403508
2026-05-17,dau,region,Kyrgyzstan,1,0.0021929824561403508
2026-05-17,dau,region,Armenia,1,0.0021929824561403508
2026-05-17,dau,region,Malawi,1,0.0021929824561403508
2026-05-17,dau,region,Saudi Arabia,1,0.0021929824561403508
2026-05-17,dau,region,Chile,1,0.0021929824561403508
2026-05-17,dau,region,Spain,1,0.0021929824561403508
2026-05-17,dau,region,Ecuador,1,0.0021929824561403508
2026-05-17,dau,region,Palestine,1,0.0021929824561403508
2026-05-17,dau,region,Austria,1,0.0021929824561403508
2026-05-17,dau,region,Thailand,1,0.0021929824561403508
2026-05-17,dau,region,Slovenia,1,0.0021929824561403508
2026-05-17,dau,region,China,1,0.0021929824561403508
2026-05-17,dau,region,Liechtenstein,1,0.0021929824561403508
2026-05-17,dau,region,Uzbekistan,1,0.0021929824561403508
2026-05-17,dau,region,South Africa,1,0.0021929824561403508
2026-05-17,dau,region,Ghana,1,0.0021929824561403508
2026-05-17,new,channel,Direct,241,0.7370030581039755
2026-05-17,new,channel,Google Ads,66,0.2018348623853211
2026-05-17,new,channel,SEO / Organic Search,14,0.04281345565749235
2026-05-17,new,channel,Organic Social,3,0.009174311926605505
2026-05-17,new,channel,Referral,2,0.0061162079510703364
2026-05-17,new,channel,Meta Ads,1,0.0030581039755351682
2026-05-17,new,interface,Web App,327,1.0
2026-05-17,new,region,India,56,0.1712538226299694
2026-05-17,new,region,Pakistan,42,0.12844036697247707
2026-05-17,new,region,Indonesia,39,0.11926605504587157
2026-05-17,new,region,United States,32,0.09785932721712538
2026-05-17,new,region,Brazil,14,0.04281345565749235
2026-05-17,new,region,Bangladesh,14,0.04281345565749235
2026-05-17,new,region,Morocco,13,0.039755351681957186
2026-05-17,new,region,The Netherlands,10,0.03058103975535168
2026-05-17,new,region,Egypt,8,0.024464831804281346
2026-05-17,new,region,Vietnam,7,0.021406727828746176
2026-05-17,new,region,Algeria,6,0.01834862385321101
2026-05-17,new,region,Germany,5,0.01529051987767584
2026-05-17,new,region,Australia,5,0.01529051987767584
2026-05-17,new,region,Denmark,5,0.01529051987767584
2026-05-17,new,region,United Kingdom,5,0.01529051987767584
2026-05-17,new,region,Philippines,4,0.012232415902140673
2026-05-17,new,region,Malaysia,4,0.012232415902140673
2026-05-17,new,region,Russia,4,0.012232415902140673
2026-05-17,new,region,Canada,4,0.012232415902140673
2026-05-17,new,region,Latvia,3,0.009174311926605505
2026-05-17,new,region,Nigeria,3,0.009174311926605505
2026-05-17,new,region,Singapore,3,0.009174311926605505
2026-05-17,new,region,Myanmar,3,0.009174311926605505
2026-05-17,new,region,Portugal,2,0.0061162079510703364
2026-05-17,new,region,Finland,2,0.0061162079510703364
2026-05-17,new,region,Poland,2,0.0061162079510703364
2026-05-17,new,region,South Korea,2,0.0061162079510703364
2026-05-17,new,region,Sweden,2,0.0061162079510703364
2026-05-17,new,region,Iraq,2,0.0061162079510703364
2026-05-17,new,region,Norway,2,0.0061162079510703364
2026-05-17,new,region,Kenya,2,0.0061162079510703364
2026-05-17,new,region,France,2,0.0061162079510703364
2026-05-17,new,region,Türkiye,1,0.0030581039755351682
2026-05-17,new,region,Hong Kong,1,0.0030581039755351682
2026-05-17,new,region,Maldives,1,0.0030581039755351682
2026-05-17,new,region,Colombia,1,0.0030581039755351682
2026-05-17,new,region,Tunisia,1,0.0030581039755351682
2026-05-17,new,region,Kyrgyzstan,1,0.0030581039755351682
2026-05-17,new,region,Armenia,1,0.0030581039755351682
2026-05-17,new,region,Malawi,1,0.0030581039755351682
2026-05-17,new,region,Saudi Arabia,1,0.0030581039755351682
2026-05-17,new,region,Ukraine,1,0.0030581039755351682
2026-05-17,new,region,Spain,1,0.0030581039755351682
2026-05-17,new,region,Senegal,1,0.0030581039755351682
2026-05-17,new,region,Palestine,1,0.0030581039755351682
2026-05-17,new,region,Austria,1,0.0030581039755351682
2026-05-17,new,region,Slovenia,1,0.0030581039755351682
2026-05-17,new,region,China,1,0.0030581039755351682
2026-05-17,new,region,Liechtenstein,1,0.0030581039755351682
2026-05-17,new,region,Uzbekistan,1,0.0030581039755351682
2026-05-17,new,region,South Africa,1,0.0030581039755351682
2026-05-17,new,region,Ghana,1,0.0030581039755351682
2026-05-17,returning,channel,Direct,118,0.9147286821705426
2026-05-17,returning,channel,SEO / Organic Search,8,0.06201550387596899
2026-05-17,returning,channel,Google Ads,3,0.023255813953488372
2026-05-17,returning,interface,Web App,129,1.0
2026-05-17,returning,region,India,17,0.13178294573643412
2026-05-17,returning,region,United States,17,0.13178294573643412
2026-05-17,returning,region,Pakistan,15,0.11627906976744186
2026-05-17,returning,region,Indonesia,14,0.10852713178294573
2026-05-17,returning,region,Bangladesh,10,0.07751937984496124
2026-05-17,returning,region,Morocco,9,0.06976744186046512
2026-05-17,returning,region,United Kingdom,5,0.03875968992248062
2026-05-17,returning,region,Germany,5,0.03875968992248062
2026-05-17,returning,region,Latvia,4,0.031007751937984496
2026-05-17,returning,region,Algeria,3,0.023255813953488372
2026-05-17,returning,region,Nepal,3,0.023255813953488372
2026-05-17,returning,region,South Korea,2,0.015503875968992248
2026-05-17,returning,region,Philippines,2,0.015503875968992248
2026-05-17,returning,region,The Netherlands,2,0.015503875968992248
2026-05-17,returning,region,Brazil,2,0.015503875968992248
2026-05-17,returning,region,Bulgaria,2,0.015503875968992248
2026-05-17,returning,region,Nigeria,2,0.015503875968992248
2026-05-17,returning,region,Vietnam,1,0.007751937984496124
2026-05-17,returning,region,Sri Lanka,1,0.007751937984496124
2026-05-17,returning,region,Japan,1,0.007751937984496124
2026-05-17,returning,region,Trinidad and Tobago,1,0.007751937984496124
2026-05-17,returning,region,Senegal,1,0.007751937984496124
2026-05-17,returning,region,Canada,1,0.007751937984496124
2026-05-17,returning,region,Poland,1,0.007751937984496124
2026-05-17,returning,region,Singapore,1,0.007751937984496124
2026-05-17,returning,region,Chile,1,0.007751937984496124
2026-05-17,returning,region,Ukraine,1,0.007751937984496124
2026-05-17,returning,region,Hong Kong,1,0.007751937984496124
2026-05-17,returning,region,Ecuador,1,0.007751937984496124
2026-05-17,returning,region,Thailand,1,0.007751937984496124
2026-05-17,returning,region,Australia,1,0.007751937984496124
2026-05-17,returning,region,Iraq,1,0.007751937984496124
2026-05-18,dau,channel,Direct,396,0.7810650887573964
2026-05-18,dau,channel,Google Ads,69,0.13609467455621302
2026-05-18,dau,channel,SEO / Organic Search,25,0.04930966469428008
2026-05-18,dau,channel,Referral,12,0.023668639053254437
2026-05-18,dau,channel,Organic Social,4,0.007889546351084813
2026-05-18,dau,channel,Meta Ads,1,0.0019723865877712033
2026-05-18,dau,interface,Web App,507,1.0
2026-05-18,dau,region,India,66,0.1301775147928994
2026-05-18,dau,region,Pakistan,59,0.11637080867850098
2026-05-18,dau,region,Indonesia,56,0.11045364891518737
2026-05-18,dau,region,United States,46,0.09072978303747535
2026-05-18,dau,region,Bangladesh,42,0.08284023668639054
2026-05-18,dau,region,Singapore,24,0.047337278106508875
2026-05-18,dau,region,Brazil,23,0.045364891518737675
2026-05-18,dau,region,Morocco,21,0.04142011834319527
2026-05-18,dau,region,United Kingdom,20,0.03944773175542406
2026-05-18,dau,region,Vietnam,15,0.029585798816568046
2026-05-18,dau,region,Canada,13,0.02564102564102564
2026-05-18,dau,region,Australia,8,0.015779092702169626
2026-05-18,dau,region,The Netherlands,8,0.015779092702169626
2026-05-18,dau,region,Nigeria,7,0.013806706114398421
2026-05-18,dau,region,Philippines,5,0.009861932938856016
2026-05-18,dau,region,South Africa,5,0.009861932938856016
2026-05-18,dau,region,France,5,0.009861932938856016
2026-05-18,dau,region,Türkiye,5,0.009861932938856016
2026-05-18,dau,region,Algeria,5,0.009861932938856016
2026-05-18,dau,region,Latvia,5,0.009861932938856016
2026-05-18,dau,region,Egypt,5,0.009861932938856016
2026-05-18,dau,region,Germany,5,0.009861932938856016
2026-05-18,dau,region,Peru,4,0.007889546351084813
2026-05-18,dau,region,Poland,4,0.007889546351084813
2026-05-18,dau,region,China,3,0.005917159763313609
2026-05-18,dau,region,Nepal,3,0.005917159763313609
2026-05-18,dau,region,Mexico,2,0.0039447731755424065
2026-05-18,dau,region,Iraq,2,0.0039447731755424065
2026-05-18,dau,region,Ghana,2,0.0039447731755424065
2026-05-18,dau,region,Malaysia,2,0.0039447731755424065
2026-05-18,dau,region,Japan,2,0.0039447731755424065
2026-05-18,dau,region,Sri Lanka,2,0.0039447731755424065
2026-05-18,dau,region,Ukraine,2,0.0039447731755424065
2026-05-18,dau,region,Congo (DRC),2,0.0039447731755424065
2026-05-18,dau,region,Ecuador,2,0.0039447731755424065
2026-05-18,dau,region,Italy,2,0.0039447731755424065
2026-05-18,dau,region,Slovenia,1,0.0019723865877712033
2026-05-18,dau,region,Tunisia,1,0.0019723865877712033
2026-05-18,dau,region,Unknown,1,0.0019723865877712033
2026-05-18,dau,region,Guyana,1,0.0019723865877712033
2026-05-18,dau,region,Thailand,1,0.0019723865877712033
2026-05-18,dau,region,South Korea,1,0.0019723865877712033
2026-05-18,dau,region,Trinidad and Tobago,1,0.0019723865877712033
2026-05-18,dau,region,Saudi Arabia,1,0.0019723865877712033
2026-05-18,dau,region,Kyrgyzstan,1,0.0019723865877712033
2026-05-18,dau,region,Colombia,1,0.0019723865877712033
2026-05-18,dau,region,Ireland,1,0.0019723865877712033
2026-05-18,dau,region,United Arab Emirates,1,0.0019723865877712033
2026-05-18,dau,region,Austria,1,0.0019723865877712033
2026-05-18,dau,region,Armenia,1,0.0019723865877712033
2026-05-18,dau,region,Kazakhstan,1,0.0019723865877712033
2026-05-18,dau,region,Taiwan,1,0.0019723865877712033
2026-05-18,dau,region,Cambodia,1,0.0019723865877712033
2026-05-18,dau,region,Uzbekistan,1,0.0019723865877712033
2026-05-18,dau,region,Hong Kong,1,0.0019723865877712033
2026-05-18,dau,region,Kenya,1,0.0019723865877712033
2026-05-18,dau,region,Denmark,1,0.0019723865877712033
2026-05-18,dau,region,Libya,1,0.0019723865877712033
2026-05-18,dau,region,Romania,1,0.0019723865877712033
2026-05-18,dau,region,Russia,1,0.0019723865877712033
2026-05-18,dau,region,Sweden,1,0.0019723865877712033
2026-05-18,new,channel,Direct,256,0.7398843930635838
2026-05-18,new,channel,Google Ads,65,0.18786127167630057
2026-05-18,new,channel,SEO / Organic Search,17,0.049132947976878616
2026-05-18,new,channel,Referral,4,0.011560693641618497
2026-05-18,new,channel,Organic Social,4,0.011560693641618497
2026-05-18,new,interface,Web App,346,1.0
2026-05-18,new,region,India,53,0.1531791907514451
2026-05-18,new,region,Indonesia,39,0.11271676300578035
2026-05-18,new,region,Pakistan,38,0.10982658959537572
2026-05-18,new,region,Bangladesh,34,0.09826589595375723
2026-05-18,new,region,United States,32,0.09248554913294797
2026-05-18,new,region,Brazil,18,0.05202312138728324
2026-05-18,new,region,United Kingdom,13,0.03757225433526012
2026-05-18,new,region,Singapore,12,0.03468208092485549
2026-05-18,new,region,Vietnam,12,0.03468208092485549
2026-05-18,new,region,Canada,10,0.028901734104046242
2026-05-18,new,region,Morocco,9,0.02601156069364162
2026-05-18,new,region,Australia,7,0.02023121387283237
2026-05-18,new,region,France,5,0.014450867052023121
2026-05-18,new,region,Türkiye,5,0.014450867052023121
2026-05-18,new,region,South Africa,4,0.011560693641618497
2026-05-18,new,region,Peru,4,0.011560693641618497
2026-05-18,new,region,Nigeria,4,0.011560693641618497
2026-05-18,new,region,The Netherlands,4,0.011560693641618497
2026-05-18,new,region,Egypt,3,0.008670520231213872
2026-05-18,new,region,Latvia,3,0.008670520231213872
2026-05-18,new,region,Germany,3,0.008670520231213872
2026-05-18,new,region,Malaysia,2,0.005780346820809248
2026-05-18,new,region,Philippines,2,0.005780346820809248
2026-05-18,new,region,Ecuador,2,0.005780346820809248
2026-05-18,new,region,Nepal,2,0.005780346820809248
2026-05-18,new,region,Italy,2,0.005780346820809248
2026-05-18,new,region,Tunisia,1,0.002890173410404624
2026-05-18,new,region,Guyana,1,0.002890173410404624
2026-05-18,new,region,Iraq,1,0.002890173410404624
2026-05-18,new,region,Algeria,1,0.002890173410404624
2026-05-18,new,region,Thailand,1,0.002890173410404624
2026-05-18,new,region,Saudi Arabia,1,0.002890173410404624
2026-05-18,new,region,Japan,1,0.002890173410404624
2026-05-18,new,region,Ghana,1,0.002890173410404624
2026-05-18,new,region,Ireland,1,0.002890173410404624
2026-05-18,new,region,Austria,1,0.002890173410404624
2026-05-18,new,region,Poland,1,0.002890173410404624
2026-05-18,new,region,Congo (DRC),1,0.002890173410404624
2026-05-18,new,region,Taiwan,1,0.002890173410404624
2026-05-18,new,region,Ukraine,1,0.002890173410404624
2026-05-18,new,region,Cambodia,1,0.002890173410404624
2026-05-18,new,region,Sri Lanka,1,0.002890173410404624
2026-05-18,new,region,Uzbekistan,1,0.002890173410404624
2026-05-18,new,region,China,1,0.002890173410404624
2026-05-18,new,region,Denmark,1,0.002890173410404624
2026-05-18,new,region,Libya,1,0.002890173410404624
2026-05-18,new,region,Romania,1,0.002890173410404624
2026-05-18,new,region,Russia,1,0.002890173410404624
2026-05-18,new,region,Sweden,1,0.002890173410404624
2026-05-18,new,region,Mexico,1,0.002890173410404624
2026-05-18,returning,channel,Direct,140,0.8695652173913043
2026-05-18,returning,channel,SEO / Organic Search,8,0.049689440993788817
2026-05-18,returning,channel,Referral,8,0.049689440993788817
2026-05-18,returning,channel,Google Ads,4,0.024844720496894408
2026-05-18,returning,channel,Meta Ads,1,0.006211180124223602
2026-05-18,returning,interface,Web App,161,1.0
2026-05-18,returning,region,Pakistan,21,0.13043478260869565
2026-05-18,returning,region,Indonesia,17,0.10559006211180125
2026-05-18,returning,region,United States,14,0.08695652173913043
2026-05-18,returning,region,India,13,0.08074534161490683
2026-05-18,returning,region,Morocco,12,0.07453416149068323
2026-05-18,returning,region,Singapore,12,0.07453416149068323
2026-05-18,returning,region,Bangladesh,8,0.049689440993788817
2026-05-18,returning,region,United Kingdom,7,0.043478260869565216
2026-05-18,returning,region,Brazil,5,0.031055900621118012
2026-05-18,returning,region,Algeria,4,0.024844720496894408
2026-05-18,returning,region,The Netherlands,4,0.024844720496894408
2026-05-18,returning,region,Philippines,3,0.018633540372670808
2026-05-18,returning,region,Canada,3,0.018633540372670808
2026-05-18,returning,region,Nigeria,3,0.018633540372670808
2026-05-18,returning,region,Vietnam,3,0.018633540372670808
2026-05-18,returning,region,Poland,3,0.018633540372670808
2026-05-18,returning,region,Latvia,2,0.012422360248447204
2026-05-18,returning,region,Germany,2,0.012422360248447204
2026-05-18,returning,region,China,2,0.012422360248447204
2026-05-18,returning,region,Egypt,2,0.012422360248447204
2026-05-18,returning,region,Slovenia,1,0.006211180124223602
2026-05-18,returning,region,Mexico,1,0.006211180124223602
2026-05-18,returning,region,Unknown,1,0.006211180124223602
2026-05-18,returning,region,South Africa,1,0.006211180124223602
2026-05-18,returning,region,Ghana,1,0.006211180124223602
2026-05-18,returning,region,Iraq,1,0.006211180124223602
2026-05-18,returning,region,South Korea,1,0.006211180124223602
2026-05-18,returning,region,Trinidad and Tobago,1,0.006211180124223602
2026-05-18,returning,region,Australia,1,0.006211180124223602
2026-05-18,returning,region,Kyrgyzstan,1,0.006211180124223602
2026-05-18,returning,region,Colombia,1,0.006211180124223602
2026-05-18,returning,region,United Arab Emirates,1,0.006211180124223602
2026-05-18,returning,region,Sri Lanka,1,0.006211180124223602
2026-05-18,returning,region,Armenia,1,0.006211180124223602
2026-05-18,returning,region,Japan,1,0.006211180124223602
2026-05-18,returning,region,Kazakhstan,1,0.006211180124223602
2026-05-18,returning,region,Ukraine,1,0.006211180124223602
2026-05-18,returning,region,Congo (DRC),1,0.006211180124223602
2026-05-18,returning,region,Hong Kong,1,0.006211180124223602
2026-05-18,returning,region,Nepal,1,0.006211180124223602
2026-05-18,returning,region,Kenya,1,0.006211180124223602
2026-05-19,dau,channel,Direct,357,0.7933333333333333
2026-05-19,dau,channel,Google Ads,53,0.11777777777777777
2026-05-19,dau,channel,SEO / Organic Search,23,0.051111111111111114
2026-05-19,dau,channel,Referral,13,0.028888888888888888
2026-05-19,dau,channel,Organic Social,3,0.006666666666666667
2026-05-19,dau,channel,Meta Ads,1,0.0022222222222222222
2026-05-19,dau,interface,Web App,450,1.0
2026-05-19,dau,region,Pakistan,57,0.12666666666666668
2026-05-19,dau,region,Indonesia,55,0.12222222222222222
2026-05-19,dau,region,India,54,0.12
2026-05-19,dau,region,United States,44,0.09777777777777778
2026-05-19,dau,region,Bangladesh,30,0.06666666666666667
2026-05-19,dau,region,Brazil,22,0.04888888888888889
2026-05-19,dau,region,Singapore,22,0.04888888888888889
2026-05-19,dau,region,Morocco,16,0.035555555555555556
2026-05-19,dau,region,United Kingdom,14,0.03111111111111111
2026-05-19,dau,region,Algeria,13,0.028888888888888888
2026-05-19,dau,region,Vietnam,10,0.022222222222222223
2026-05-19,dau,region,France,9,0.02
2026-05-19,dau,region,Germany,7,0.015555555555555555
2026-05-19,dau,region,Australia,6,0.013333333333333334
2026-05-19,dau,region,Canada,6,0.013333333333333334
2026-05-19,dau,region,Senegal,5,0.011111111111111112
2026-05-19,dau,region,Nigeria,5,0.011111111111111112
2026-05-19,dau,region,Philippines,5,0.011111111111111112
2026-05-19,dau,region,Poland,4,0.008888888888888889
2026-05-19,dau,region,Tunisia,4,0.008888888888888889
2026-05-19,dau,region,The Netherlands,4,0.008888888888888889
2026-05-19,dau,region,Malaysia,4,0.008888888888888889
2026-05-19,dau,region,Ecuador,3,0.006666666666666667
2026-05-19,dau,region,Japan,3,0.006666666666666667
2026-05-19,dau,region,Ghana,3,0.006666666666666667
2026-05-19,dau,region,Libya,2,0.0044444444444444444
2026-05-19,dau,region,Sweden,2,0.0044444444444444444
2026-05-19,dau,region,Sri Lanka,2,0.0044444444444444444
2026-05-19,dau,region,Thailand,2,0.0044444444444444444
2026-05-19,dau,region,Russia,2,0.0044444444444444444
2026-05-19,dau,region,Iraq,2,0.0044444444444444444
2026-05-19,dau,region,Latvia,2,0.0044444444444444444
2026-05-19,dau,region,Nepal,2,0.0044444444444444444
2026-05-19,dau,region,Ethiopia,2,0.0044444444444444444
2026-05-19,dau,region,Türkiye,2,0.0044444444444444444
2026-05-19,dau,region,Gambia,2,0.0044444444444444444
2026-05-19,dau,region,Kyrgyzstan,1,0.0022222222222222222
2026-05-19,dau,region,Uruguay,1,0.0022222222222222222
2026-05-19,dau,region,South Korea,1,0.0022222222222222222
2026-05-19,dau,region,Kenya,1,0.0022222222222222222
2026-05-19,dau,region,South Africa,1,0.0022222222222222222
2026-05-19,dau,region,Belarus,1,0.0022222222222222222
2026-05-19,dau,region,Colombia,1,0.0022222222222222222
2026-05-19,dau,region,Jordan,1,0.0022222222222222222
2026-05-19,dau,region,Unknown,1,0.0022222222222222222
2026-05-19,dau,region,Ivory Coast,1,0.0022222222222222222
2026-05-19,dau,region,China,1,0.0022222222222222222
2026-05-19,dau,region,Portugal,1,0.0022222222222222222
2026-05-19,dau,region,Spain,1,0.0022222222222222222
2026-05-19,dau,region,Saudi Arabia,1,0.0022222222222222222
2026-05-19,dau,region,Mauritania,1,0.0022222222222222222
2026-05-19,dau,region,Kazakhstan,1,0.0022222222222222222
2026-05-19,dau,region,Kosovo,1,0.0022222222222222222
2026-05-19,dau,region,Austria,1,0.0022222222222222222
2026-05-19,dau,region,Egypt,1,0.0022222222222222222
2026-05-19,dau,region,Taiwan,1,0.0022222222222222222
2026-05-19,dau,region,Mongolia,1,0.0022222222222222222
2026-05-19,dau,region,Jamaica,1,0.0022222222222222222
2026-05-19,dau,region,United Arab Emirates,1,0.0022222222222222222
2026-05-19,new,channel,Direct,220,0.7773851590106007
2026-05-19,new,channel,Google Ads,45,0.15901060070671377
2026-05-19,new,channel,SEO / Organic Search,12,0.04240282685512368
2026-05-19,new,channel,Referral,3,0.01060070671378092
2026-05-19,new,channel,Organic Social,2,0.007067137809187279
2026-05-19,new,channel,Meta Ads,1,0.0035335689045936395
2026-05-19,new,interface,Web App,283,1.0
2026-05-19,new,region,India,38,0.13427561837455831
2026-05-19,new,region,Indonesia,35,0.12367491166077739
2026-05-19,new,region,Pakistan,34,0.12014134275618374
2026-05-19,new,region,United States,30,0.10600706713780919
2026-05-19,new,region,Bangladesh,23,0.0812720848056537
2026-05-19,new,region,Brazil,14,0.04946996466431095
2026-05-19,new,region,Morocco,11,0.038869257950530034
2026-05-19,new,region,Algeria,9,0.03180212014134275
2026-05-19,new,region,Vietnam,7,0.024734982332155476
2026-05-19,new,region,United Kingdom,6,0.02120141342756184
2026-05-19,new,region,Singapore,5,0.0176678445229682
2026-05-19,new,region,Canada,5,0.0176678445229682
2026-05-19,new,region,Australia,4,0.014134275618374558
2026-05-19,new,region,Germany,4,0.014134275618374558
2026-05-19,new,region,Philippines,4,0.014134275618374558
2026-05-19,new,region,Tunisia,3,0.01060070671378092
2026-05-19,new,region,France,3,0.01060070671378092
2026-05-19,new,region,The Netherlands,3,0.01060070671378092
2026-05-19,new,region,Senegal,3,0.01060070671378092
2026-05-19,new,region,Malaysia,3,0.01060070671378092
2026-05-19,new,region,Libya,2,0.007067137809187279
2026-05-19,new,region,Ecuador,2,0.007067137809187279
2026-05-19,new,region,Thailand,2,0.007067137809187279
2026-05-19,new,region,Nigeria,2,0.007067137809187279
2026-05-19,new,region,Ghana,2,0.007067137809187279
2026-05-19,new,region,Nepal,2,0.007067137809187279
2026-05-19,new,region,Japan,2,0.007067137809187279
2026-05-19,new,region,Kyrgyzstan,1,0.0035335689045936395
2026-05-19,new,region,Uruguay,1,0.0035335689045936395
2026-05-19,new,region,Kenya,1,0.0035335689045936395
2026-05-19,new,region,South Africa,1,0.0035335689045936395
2026-05-19,new,region,Colombia,1,0.0035335689045936395
2026-05-19,new,region,Poland,1,0.0035335689045936395
2026-05-19,new,region,Jordan,1,0.0035335689045936395
2026-05-19,new,region,Unknown,1,0.0035335689045936395
2026-05-19,new,region,Sri Lanka,1,0.0035335689045936395
2026-05-19,new,region,Ivory Coast,1,0.0035335689045936395
2026-05-19,new,region,Portugal,1,0.0035335689045936395
2026-05-19,new,region,Spain,1,0.0035335689045936395
2026-05-19,new,region,Saudi Arabia,1,0.0035335689045936395
2026-05-19,new,region,Latvia,1,0.0035335689045936395
2026-05-19,new,region,Mauritania,1,0.0035335689045936395
2026-05-19,new,region,Ethiopia,1,0.0035335689045936395
2026-05-19,new,region,Russia,1,0.0035335689045936395
2026-05-19,new,region,Türkiye,1,0.0035335689045936395
2026-05-19,new,region,Kazakhstan,1,0.0035335689045936395
2026-05-19,new,region,Egypt,1,0.0035335689045936395
2026-05-19,new,region,Taiwan,1,0.0035335689045936395
2026-05-19,new,region,Mongolia,1,0.0035335689045936395
2026-05-19,new,region,Jamaica,1,0.0035335689045936395
2026-05-19,new,region,United Arab Emirates,1,0.0035335689045936395
2026-05-19,new,region,Gambia,1,0.0035335689045936395
2026-05-19,returning,channel,Direct,137,0.8203592814371258
2026-05-19,returning,channel,SEO / Organic Search,11,0.0658682634730539
2026-05-19,returning,channel,Referral,10,0.059880239520958084
2026-05-19,returning,channel,Google Ads,8,0.04790419161676647
2026-05-19,returning,channel,Organic Social,1,0.005988023952095809
2026-05-19,returning,interface,Web App,167,1.0
2026-05-19,returning,region,Pakistan,23,0.1377245508982036
2026-05-19,returning,region,Indonesia,20,0.11976047904191617
2026-05-19,returning,region,Singapore,17,0.10179640718562874
2026-05-19,returning,region,India,16,0.09580838323353294
2026-05-19,returning,region,United States,14,0.08383233532934131
2026-05-19,returning,region,Brazil,8,0.04790419161676647
2026-05-19,returning,region,United Kingdom,8,0.04790419161676647
2026-05-19,returning,region,Bangladesh,7,0.041916167664670656
2026-05-19,returning,region,France,6,0.03592814371257485
2026-05-19,returning,region,Morocco,5,0.029940119760479042
2026-05-19,returning,region,Algeria,4,0.023952095808383235
2026-05-19,returning,region,Poland,3,0.017964071856287425
2026-05-19,returning,region,Vietnam,3,0.017964071856287425
2026-05-19,returning,region,Germany,3,0.017964071856287425
2026-05-19,returning,region,Nigeria,3,0.017964071856287425
2026-05-19,returning,region,Australia,2,0.011976047904191617
2026-05-19,returning,region,Sweden,2,0.011976047904191617
2026-05-19,returning,region,Senegal,2,0.011976047904191617
2026-05-19,returning,region,Iraq,2,0.011976047904191617
2026-05-19,returning,region,South Korea,1,0.005988023952095809
2026-05-19,returning,region,Tunisia,1,0.005988023952095809
2026-05-19,returning,region,Sri Lanka,1,0.005988023952095809
2026-05-19,returning,region,Japan,1,0.005988023952095809
2026-05-19,returning,region,Ecuador,1,0.005988023952095809
2026-05-19,returning,region,Canada,1,0.005988023952095809
2026-05-19,returning,region,Belarus,1,0.005988023952095809
2026-05-19,returning,region,Ghana,1,0.005988023952095809
2026-05-19,returning,region,Russia,1,0.005988023952095809
2026-05-19,returning,region,China,1,0.005988023952095809
2026-05-19,returning,region,The Netherlands,1,0.005988023952095809
2026-05-19,returning,region,Kosovo,1,0.005988023952095809
2026-05-19,returning,region,Austria,1,0.005988023952095809
2026-05-19,returning,region,Latvia,1,0.005988023952095809
2026-05-19,returning,region,Malaysia,1,0.005988023952095809
2026-05-19,returning,region,Philippines,1,0.005988023952095809
2026-05-19,returning,region,Türkiye,1,0.005988023952095809
2026-05-19,returning,region,Gambia,1,0.005988023952095809
2026-05-19,returning,region,Ethiopia,1,0.005988023952095809
2026-05-20,dau,channel,Direct,230,0.8984375
2026-05-20,dau,channel,Google Ads,15,0.05859375
2026-05-20,dau,channel,SEO / Organic Search,8,0.03125
2026-05-20,dau,channel,Referral,2,0.0078125
2026-05-20,dau,channel,Organic Social,1,0.00390625
2026-05-20,dau,interface,Web App,256,1.0
2026-05-20,dau,region,United States,32,0.125
2026-05-20,dau,region,India,31,0.12109375
2026-05-20,dau,region,Indonesia,28,0.109375
2026-05-20,dau,region,Pakistan,19,0.07421875
2026-05-20,dau,region,Brazil,14,0.0546875
2026-05-20,dau,region,Bangladesh,12,0.046875
2026-05-20,dau,region,Singapore,11,0.04296875
2026-05-20,dau,region,Türkiye,11,0.04296875
2026-05-20,dau,region,Germany,9,0.03515625
2026-05-20,dau,region,Morocco,8,0.03125
2026-05-20,dau,region,Russia,8,0.03125
2026-05-20,dau,region,Nigeria,7,0.02734375
2026-05-20,dau,region,The Netherlands,5,0.01953125
2026-05-20,dau,region,Lithuania,4,0.015625
2026-05-20,dau,region,Ukraine,4,0.015625
2026-05-20,dau,region,United Kingdom,3,0.01171875
2026-05-20,dau,region,South Korea,3,0.01171875
2026-05-20,dau,region,Australia,3,0.01171875
2026-05-20,dau,region,Poland,3,0.01171875
2026-05-20,dau,region,Kazakhstan,3,0.01171875
2026-05-20,dau,region,Algeria,3,0.01171875
2026-05-20,dau,region,Egypt,2,0.0078125
2026-05-20,dau,region,Hong Kong,2,0.0078125
2026-05-20,dau,region,Ghana,2,0.0078125
2026-05-20,dau,region,Latvia,2,0.0078125
2026-05-20,dau,region,Philippines,2,0.0078125
2026-05-20,dau,region,Finland,2,0.0078125
2026-05-20,dau,region,Canada,2,0.0078125
2026-05-20,dau,region,France,2,0.0078125
2026-05-20,dau,region,Romania,1,0.00390625
2026-05-20,dau,region,Sweden,1,0.00390625
2026-05-20,dau,region,Trinidad and Tobago,1,0.00390625
2026-05-20,dau,region,Vietnam,1,0.00390625
2026-05-20,dau,region,Armenia,1,0.00390625
2026-05-20,dau,region,Tunisia,1,0.00390625
2026-05-20,dau,region,United Arab Emirates,1,0.00390625
2026-05-20,dau,region,Kyrgyzstan,1,0.00390625
2026-05-20,dau,region,Peru,1,0.00390625
2026-05-20,dau,region,Denmark,1,0.00390625
2026-05-20,dau,region,Ecuador,1,0.00390625
2026-05-20,dau,region,Slovenia,1,0.00390625
2026-05-20,dau,region,Jamaica,1,0.00390625
2026-05-20,dau,region,Ethiopia,1,0.00390625
2026-05-20,dau,region,Iraq,1,0.00390625
2026-05-20,dau,region,Colombia,1,0.00390625
2026-05-20,dau,region,Myanmar,1,0.00390625
2026-05-20,dau,region,Senegal,1,0.00390625
2026-05-20,dau,region,Cambodia,1,0.00390625
2026-05-20,new,channel,Direct,104,0.9122807017543859
2026-05-20,new,channel,Google Ads,8,0.07017543859649122
2026-05-20,new,channel,SEO / Organic Search,2,0.017543859649122806
2026-05-20,new,interface,Web App,114,1.0
2026-05-20,new,region,United States,20,0.17543859649122806
2026-05-20,new,region,Brazil,9,0.07894736842105263
2026-05-20,new,region,Indonesia,8,0.07017543859649122
2026-05-20,new,region,Russia,8,0.07017543859649122
2026-05-20,new,region,Türkiye,8,0.07017543859649122
2026-05-20,new,region,India,8,0.07017543859649122
2026-05-20,new,region,Germany,6,0.05263157894736842
2026-05-20,new,region,Bangladesh,6,0.05263157894736842
2026-05-20,new,region,Ukraine,4,0.03508771929824561
2026-05-20,new,region,Lithuania,3,0.02631578947368421
2026-05-20,new,region,The Netherlands,3,0.02631578947368421
2026-05-20,new,region,United Kingdom,2,0.017543859649122806
2026-05-20,new,region,South Korea,2,0.017543859649122806
2026-05-20,new,region,Pakistan,2,0.017543859649122806
2026-05-20,new,region,Latvia,2,0.017543859649122806
2026-05-20,new,region,Kazakhstan,2,0.017543859649122806
2026-05-20,new,region,Finland,2,0.017543859649122806
2026-05-20,new,region,Canada,2,0.017543859649122806
2026-05-20,new,region,Singapore,2,0.017543859649122806
2026-05-20,new,region,Poland,2,0.017543859649122806
2026-05-20,new,region,Vietnam,1,0.008771929824561403
2026-05-20,new,region,Armenia,1,0.008771929824561403
2026-05-20,new,region,Tunisia,1,0.008771929824561403
2026-05-20,new,region,United Arab Emirates,1,0.008771929824561403
2026-05-20,new,region,Australia,1,0.008771929824561403
2026-05-20,new,region,Kyrgyzstan,1,0.008771929824561403
2026-05-20,new,region,Nigeria,1,0.008771929824561403
2026-05-20,new,region,Denmark,1,0.008771929824561403
2026-05-20,new,region,Slovenia,1,0.008771929824561403
2026-05-20,new,region,Algeria,1,0.008771929824561403
2026-05-20,new,region,Iraq,1,0.008771929824561403
2026-05-20,new,region,Cambodia,1,0.008771929824561403
2026-05-20,new,region,Morocco,1,0.008771929824561403
2026-05-20,returning,channel,Direct,126,0.8873239436619719
2026-05-20,returning,channel,Google Ads,7,0.04929577464788732
2026-05-20,returning,channel,SEO / Organic Search,6,0.04225352112676056
2026-05-20,returning,channel,Referral,2,0.014084507042253521
2026-05-20,returning,channel,Organic Social,1,0.007042253521126761
2026-05-20,returning,interface,Web App,142,1.0
2026-05-20,returning,region,India,23,0.1619718309859155
2026-05-20,returning,region,Indonesia,20,0.14084507042253522
2026-05-20,returning,region,Pakistan,17,0.11971830985915492
2026-05-20,returning,region,United States,12,0.08450704225352113
2026-05-20,returning,region,Singapore,9,0.06338028169014084
2026-05-20,returning,region,Morocco,7,0.04929577464788732
2026-05-20,returning,region,Nigeria,6,0.04225352112676056
2026-05-20,returning,region,Bangladesh,6,0.04225352112676056
2026-05-20,returning,region,Brazil,5,0.035211267605633804
2026-05-20,returning,region,Germany,3,0.02112676056338028
2026-05-20,returning,region,Türkiye,3,0.02112676056338028
2026-05-20,returning,region,Egypt,2,0.014084507042253521
2026-05-20,returning,region,Hong Kong,2,0.014084507042253521
2026-05-20,returning,region,Australia,2,0.014084507042253521
2026-05-20,returning,region,The Netherlands,2,0.014084507042253521
2026-05-20,returning,region,Ghana,2,0.014084507042253521
2026-05-20,returning,region,Philippines,2,0.014084507042253521
2026-05-20,returning,region,Algeria,2,0.014084507042253521
2026-05-20,returning,region,France,2,0.014084507042253521
2026-05-20,returning,region,United Kingdom,1,0.007042253521126761
2026-05-20,returning,region,Romania,1,0.007042253521126761
2026-05-20,returning,region,Sweden,1,0.007042253521126761
2026-05-20,returning,region,Trinidad and Tobago,1,0.007042253521126761
2026-05-20,returning,region,Poland,1,0.007042253521126761
2026-05-20,returning,region,Peru,1,0.007042253521126761
2026-05-20,returning,region,Lithuania,1,0.007042253521126761
2026-05-20,returning,region,South Korea,1,0.007042253521126761
2026-05-20,returning,region,Ecuador,1,0.007042253521126761
2026-05-20,returning,region,Jamaica,1,0.007042253521126761
2026-05-20,returning,region,Ethiopia,1,0.007042253521126761
2026-05-20,returning,region,Colombia,1,0.007042253521126761
2026-05-20,returning,region,Myanmar,1,0.007042253521126761
2026-05-20,returning,region,Senegal,1,0.007042253521126761
2026-05-20,returning,region,Kazakhstan,1,0.007042253521126761
2026-05-21,dau,channel,Direct,206,0.9196428571428571
2026-05-21,dau,channel,Google Ads,8,0.03571428571428571
2026-05-21,dau,channel,SEO / Organic Search,6,0.026785714285714284
2026-05-21,dau,channel,Referral,4,0.017857142857142856
2026-05-21,dau,interface,Web App,224,1.0
2026-05-21,dau,region,United States,30,0.13392857142857142
2026-05-21,dau,region,India,26,0.11607142857142858
2026-05-21,dau,region,Indonesia,20,0.08928571428571429
2026-05-21,dau,region,Singapore,16,0.07142857142857142
2026-05-21,dau,region,Germany,13,0.05803571428571429
2026-05-21,dau,region,Russia,12,0.05357142857142857
2026-05-21,dau,region,Pakistan,9,0.04017857142857143
2026-05-21,dau,region,Canada,9,0.04017857142857143
2026-05-21,dau,region,Vietnam,6,0.026785714285714284
2026-05-21,dau,region,United Kingdom,4,0.017857142857142856
2026-05-21,dau,region,Bangladesh,4,0.017857142857142856
2026-05-21,dau,region,Morocco,4,0.017857142857142856
2026-05-21,dau,region,France,4,0.017857142857142856
2026-05-21,dau,region,Poland,4,0.017857142857142856
2026-05-21,dau,region,The Netherlands,4,0.017857142857142856
2026-05-21,dau,region,Türkiye,4,0.017857142857142856
2026-05-21,dau,region,Latvia,4,0.017857142857142856
2026-05-21,dau,region,Malaysia,4,0.017857142857142856
2026-05-21,dau,region,Brazil,4,0.017857142857142856
2026-05-21,dau,region,Nigeria,4,0.017857142857142856
2026-05-21,dau,region,Mexico,3,0.013392857142857142
2026-05-21,dau,region,Sweden,3,0.013392857142857142
2026-05-21,dau,region,Armenia,3,0.013392857142857142
2026-05-21,dau,region,South Korea,3,0.013392857142857142
2026-05-21,dau,region,Algeria,2,0.008928571428571428
2026-05-21,dau,region,Philippines,2,0.008928571428571428
2026-05-21,dau,region,Ireland,2,0.008928571428571428
2026-05-21,dau,region,Egypt,2,0.008928571428571428
2026-05-21,dau,region,Senegal,2,0.008928571428571428
2026-05-21,dau,region,Ukraine,1,0.004464285714285714
2026-05-21,dau,region,Romania,1,0.004464285714285714
2026-05-21,dau,region,Kyrgyzstan,1,0.004464285714285714
2026-05-21,dau,region,Seychelles,1,0.004464285714285714
2026-05-21,dau,region,Ghana,1,0.004464285714285714
2026-05-21,dau,region,Tunisia,1,0.004464285714285714
2026-05-21,dau,region,Finland,1,0.004464285714285714
2026-05-21,dau,region,Lithuania,1,0.004464285714285714
2026-05-21,dau,region,Cameroon,1,0.004464285714285714
2026-05-21,dau,region,China,1,0.004464285714285714
2026-05-21,dau,region,Kenya,1,0.004464285714285714
2026-05-21,dau,region,Colombia,1,0.004464285714285714
2026-05-21,dau,region,Japan,1,0.004464285714285714
2026-05-21,dau,region,Botswana,1,0.004464285714285714
2026-05-21,dau,region,Australia,1,0.004464285714285714
2026-05-21,dau,region,Kazakhstan,1,0.004464285714285714
2026-05-21,dau,region,Norway,1,0.004464285714285714
2026-05-21,new,channel,Direct,99,0.9339622641509434
2026-05-21,new,channel,Google Ads,5,0.04716981132075472
2026-05-21,new,channel,SEO / Organic Search,2,0.018867924528301886
2026-05-21,new,interface,Web App,106,1.0
2026-05-21,new,region,United States,13,0.12264150943396226
2026-05-21,new,region,India,11,0.10377358490566038
2026-05-21,new,region,Germany,10,0.09433962264150944
2026-05-21,new,region,Russia,8,0.07547169811320754
2026-05-21,new,region,Indonesia,8,0.07547169811320754
2026-05-21,new,region,Singapore,6,0.05660377358490566
2026-05-21,new,region,Canada,5,0.04716981132075472
2026-05-21,new,region,The Netherlands,4,0.03773584905660377
2026-05-21,new,region,Poland,3,0.02830188679245283
2026-05-21,new,region,Latvia,3,0.02830188679245283
2026-05-21,new,region,Malaysia,3,0.02830188679245283
2026-05-21,new,region,Armenia,3,0.02830188679245283
2026-05-21,new,region,Türkiye,3,0.02830188679245283
2026-05-21,new,region,France,2,0.018867924528301886
2026-05-21,new,region,Mexico,2,0.018867924528301886
2026-05-21,new,region,Sweden,2,0.018867924528301886
2026-05-21,new,region,Ireland,2,0.018867924528301886
2026-05-21,new,region,South Korea,2,0.018867924528301886
2026-05-21,new,region,Vietnam,2,0.018867924528301886
2026-05-21,new,region,Nigeria,2,0.018867924528301886
2026-05-21,new,region,Senegal,2,0.018867924528301886
2026-05-21,new,region,Pakistan,1,0.009433962264150943
2026-05-21,new,region,Seychelles,1,0.009433962264150943
2026-05-21,new,region,Ghana,1,0.009433962264150943
2026-05-21,new,region,Finland,1,0.009433962264150943
2026-05-21,new,region,China,1,0.009433962264150943
2026-05-21,new,region,Egypt,1,0.009433962264150943
2026-05-21,new,region,United Kingdom,1,0.009433962264150943
2026-05-21,new,region,Japan,1,0.009433962264150943
2026-05-21,new,region,Norway,1,0.009433962264150943
2026-05-21,new,region,Bangladesh,1,0.009433962264150943
2026-05-21,returning,channel,Direct,107,0.9067796610169492
2026-05-21,returning,channel,Referral,4,0.03389830508474576
2026-05-21,returning,channel,SEO / Organic Search,4,0.03389830508474576
2026-05-21,returning,channel,Google Ads,3,0.025423728813559324
2026-05-21,returning,interface,Web App,118,1.0
2026-05-21,returning,region,United States,17,0.1440677966101695
2026-05-21,returning,region,India,15,0.1271186440677966
2026-05-21,returning,region,Indonesia,12,0.1016949152542373
2026-05-21,returning,region,Singapore,10,0.0847457627118644
2026-05-21,returning,region,Pakistan,8,0.06779661016949153
2026-05-21,returning,region,Morocco,4,0.03389830508474576
2026-05-21,returning,region,Vietnam,4,0.03389830508474576
2026-05-21,returning,region,Russia,4,0.03389830508474576
2026-05-21,returning,region,Brazil,4,0.03389830508474576
2026-05-21,returning,region,Canada,4,0.03389830508474576
2026-05-21,returning,region,United Kingdom,3,0.025423728813559324
2026-05-21,returning,region,Bangladesh,3,0.025423728813559324
2026-05-21,returning,region,Germany,3,0.025423728813559324
2026-05-21,returning,region,Algeria,2,0.01694915254237288
2026-05-21,returning,region,Philippines,2,0.01694915254237288
2026-05-21,returning,region,Nigeria,2,0.01694915254237288
2026-05-21,returning,region,France,2,0.01694915254237288
2026-05-21,returning,region,Ukraine,1,0.00847457627118644
2026-05-21,returning,region,Romania,1,0.00847457627118644
2026-05-21,returning,region,Kyrgyzstan,1,0.00847457627118644
2026-05-21,returning,region,Türkiye,1,0.00847457627118644
2026-05-21,returning,region,Mexico,1,0.00847457627118644
2026-05-21,returning,region,Latvia,1,0.00847457627118644
2026-05-21,returning,region,South Korea,1,0.00847457627118644
2026-05-21,returning,region,Tunisia,1,0.00847457627118644
2026-05-21,returning,region,Lithuania,1,0.00847457627118644
2026-05-21,returning,region,Cameroon,1,0.00847457627118644
2026-05-21,returning,region,Malaysia,1,0.00847457627118644
2026-05-21,returning,region,Kenya,1,0.00847457627118644
2026-05-21,returning,region,Colombia,1,0.00847457627118644
2026-05-21,returning,region,Sweden,1,0.00847457627118644
2026-05-21,returning,region,Botswana,1,0.00847457627118644
2026-05-21,returning,region,Egypt,1,0.00847457627118644
2026-05-21,returning,region,Australia,1,0.00847457627118644
2026-05-21,returning,region,Kazakhstan,1,0.00847457627118644
2026-05-21,returning,region,Poland,1,0.00847457627118644
2026-05-22,dau,channel,Direct,258,0.945054945054945
2026-05-22,dau,channel,Google Ads,9,0.03296703296703297
2026-05-22,dau,channel,SEO / Organic Search,4,0.014652014652014652
2026-05-22,dau,channel,Referral,2,0.007326007326007326
2026-05-22,dau,interface,Web App,273,1.0
2026-05-22,dau,region,United States,45,0.16483516483516483
2026-05-22,dau,region,India,28,0.10256410256410256
2026-05-22,dau,region,Pakistan,18,0.06593406593406594
2026-05-22,dau,region,Germany,15,0.054945054945054944
2026-05-22,dau,region,Russia,12,0.04395604395604396
2026-05-22,dau,region,Indonesia,12,0.04395604395604396
2026-05-22,dau,region,Poland,10,0.03663003663003663
2026-05-22,dau,region,Brazil,10,0.03663003663003663
2026-05-22,dau,region,United Kingdom,8,0.029304029304029304
2026-05-22,dau,region,Singapore,8,0.029304029304029304
2026-05-22,dau,region,The Netherlands,7,0.02564102564102564
2026-05-22,dau,region,Finland,7,0.02564102564102564
2026-05-22,dau,region,Vietnam,6,0.02197802197802198
2026-05-22,dau,region,Türkiye,5,0.018315018315018316
2026-05-22,dau,region,Ukraine,5,0.018315018315018316
2026-05-22,dau,region,South Korea,5,0.018315018315018316
2026-05-22,dau,region,Kazakhstan,5,0.018315018315018316
2026-05-22,dau,region,France,4,0.014652014652014652
2026-05-22,dau,region,Uzbekistan,4,0.014652014652014652
2026-05-22,dau,region,Belarus,4,0.014652014652014652
2026-05-22,dau,region,Sweden,3,0.01098901098901099
2026-05-22,dau,region,Iraq,3,0.01098901098901099
2026-05-22,dau,region,Armenia,3,0.01098901098901099
2026-05-22,dau,region,Ghana,3,0.01098901098901099
2026-05-22,dau,region,Nigeria,3,0.01098901098901099
2026-05-22,dau,region,Egypt,2,0.007326007326007326
2026-05-22,dau,region,Algeria,2,0.007326007326007326
2026-05-22,dau,region,Mexico,2,0.007326007326007326
2026-05-22,dau,region,Latvia,2,0.007326007326007326
2026-05-22,dau,region,Bangladesh,2,0.007326007326007326
2026-05-22,dau,region,Slovenia,2,0.007326007326007326
2026-05-22,dau,region,Morocco,2,0.007326007326007326
2026-05-22,dau,region,Togo,2,0.007326007326007326
2026-05-22,dau,region,Malaysia,2,0.007326007326007326
2026-05-22,dau,region,Croatia,1,0.003663003663003663
2026-05-22,dau,region,Canada,1,0.003663003663003663
2026-05-22,dau,region,Kyrgyzstan,1,0.003663003663003663
2026-05-22,dau,region,Japan,1,0.003663003663003663
2026-05-22,dau,region,Trinidad and Tobago,1,0.003663003663003663
2026-05-22,dau,region,Bolivia,1,0.003663003663003663
2026-05-22,dau,region,Peru,1,0.003663003663003663
2026-05-22,dau,region,Hong Kong,1,0.003663003663003663
2026-05-22,dau,region,Italy,1,0.003663003663003663
2026-05-22,dau,region,Romania,1,0.003663003663003663
2026-05-22,dau,region,Switzerland,1,0.003663003663003663
2026-05-22,dau,region,Tunisia,1,0.003663003663003663
2026-05-22,dau,region,Israel,1,0.003663003663003663
2026-05-22,dau,region,Senegal,1,0.003663003663003663
2026-05-22,dau,region,Portugal,1,0.003663003663003663
2026-05-22,dau,region,Serbia,1,0.003663003663003663
2026-05-22,dau,region,Estonia,1,0.003663003663003663
2026-05-22,dau,region,Australia,1,0.003663003663003663
2026-05-22,dau,region,China,1,0.003663003663003663
2026-05-22,dau,region,Seychelles,1,0.003663003663003663
2026-05-22,dau,region,Liechtenstein,1,0.003663003663003663
2026-05-22,dau,region,Kenya,1,0.003663003663003663
2026-05-22,new,channel,Direct,154,0.9333333333333333
2026-05-22,new,channel,Google Ads,7,0.04242424242424243
2026-05-22,new,channel,SEO / Organic Search,4,0.024242424242424242
2026-05-22,new,interface,Web App,165,1.0
2026-05-22,new,region,United States,29,0.17575757575757575
2026-05-22,new,region,India,13,0.07878787878787878
2026-05-22,new,region,Germany,13,0.07878787878787878
2026-05-22,new,region,Russia,12,0.07272727272727272
2026-05-22,new,region,Poland,9,0.05454545454545454
2026-05-22,new,region,Finland,7,0.04242424242424243
2026-05-22,new,region,Pakistan,6,0.03636363636363636
2026-05-22,new,region,The Netherlands,6,0.03636363636363636
2026-05-22,new,region,Ukraine,5,0.030303030303030304
2026-05-22,new,region,United Kingdom,5,0.030303030303030304
2026-05-22,new,region,South Korea,5,0.030303030303030304
2026-05-22,new,region,Indonesia,5,0.030303030303030304
2026-05-22,new,region,Brazil,4,0.024242424242424242
2026-05-22,new,region,Türkiye,4,0.024242424242424242
2026-05-22,new,region,Uzbekistan,4,0.024242424242424242
2026-05-22,new,region,Belarus,4,0.024242424242424242
2026-05-22,new,region,Kazakhstan,4,0.024242424242424242
2026-05-22,new,region,Vietnam,3,0.01818181818181818
2026-05-22,new,region,Egypt,2,0.012121212121212121
2026-05-22,new,region,Latvia,2,0.012121212121212121
2026-05-22,new,region,Slovenia,2,0.012121212121212121
2026-05-22,new,region,Croatia,1,0.006060606060606061
2026-05-22,new,region,Sweden,1,0.006060606060606061
2026-05-22,new,region,France,1,0.006060606060606061
2026-05-22,new,region,Iraq,1,0.006060606060606061
2026-05-22,new,region,Kyrgyzstan,1,0.006060606060606061
2026-05-22,new,region,Singapore,1,0.006060606060606061
2026-05-22,new,region,Ghana,1,0.006060606060606061
2026-05-22,new,region,Italy,1,0.006060606060606061
2026-05-22,new,region,Armenia,1,0.006060606060606061
2026-05-22,new,region,Switzerland,1,0.006060606060606061
2026-05-22,new,region,Mexico,1,0.006060606060606061
2026-05-22,new,region,Israel,1,0.006060606060606061
2026-05-22,new,region,Nigeria,1,0.006060606060606061
2026-05-22,new,region,Portugal,1,0.006060606060606061
2026-05-22,new,region,Serbia,1,0.006060606060606061
2026-05-22,new,region,Estonia,1,0.006060606060606061
2026-05-22,new,region,China,1,0.006060606060606061
2026-05-22,new,region,Togo,1,0.006060606060606061
2026-05-22,new,region,Morocco,1,0.006060606060606061
2026-05-22,new,region,Liechtenstein,1,0.006060606060606061
2026-05-22,new,region,Malaysia,1,0.006060606060606061
2026-05-22,returning,channel,Direct,104,0.9629629629629629
2026-05-22,returning,channel,Referral,2,0.018518518518518517
2026-05-22,returning,channel,Google Ads,2,0.018518518518518517
2026-05-22,returning,interface,Web App,108,1.0
2026-05-22,returning,region,United States,16,0.14814814814814814
2026-05-22,returning,region,India,15,0.1388888888888889
2026-05-22,returning,region,Pakistan,12,0.1111111111111111
2026-05-22,returning,region,Singapore,7,0.06481481481481481
2026-05-22,returning,region,Indonesia,7,0.06481481481481481
2026-05-22,returning,region,Brazil,6,0.05555555555555555
2026-05-22,returning,region,United Kingdom,3,0.027777777777777776
2026-05-22,returning,region,France,3,0.027777777777777776
2026-05-22,returning,region,Vietnam,3,0.027777777777777776
2026-05-22,returning,region,Iraq,2,0.018518518518518517
2026-05-22,returning,region,Armenia,2,0.018518518518518517
2026-05-22,returning,region,Algeria,2,0.018518518518518517
2026-05-22,returning,region,Ghana,2,0.018518518518518517
2026-05-22,returning,region,Sweden,2,0.018518518518518517
2026-05-22,returning,region,Nigeria,2,0.018518518518518517
2026-05-22,returning,region,Germany,2,0.018518518518518517
2026-05-22,returning,region,Bangladesh,2,0.018518518518518517
2026-05-22,returning,region,The Netherlands,1,0.009259259259259259
2026-05-22,returning,region,Canada,1,0.009259259259259259
2026-05-22,returning,region,Japan,1,0.009259259259259259
2026-05-22,returning,region,Trinidad and Tobago,1,0.009259259259259259
2026-05-22,returning,region,Bolivia,1,0.009259259259259259
2026-05-22,returning,region,Poland,1,0.009259259259259259
2026-05-22,returning,region,Peru,1,0.009259259259259259
2026-05-22,returning,region,Hong Kong,1,0.009259259259259259
2026-05-22,returning,region,Romania,1,0.009259259259259259
2026-05-22,returning,region,Tunisia,1,0.009259259259259259
2026-05-22,returning,region,Senegal,1,0.009259259259259259
2026-05-22,returning,region,Morocco,1,0.009259259259259259
2026-05-22,returning,region,Australia,1,0.009259259259259259
2026-05-22,returning,region,Kazakhstan,1,0.009259259259259259
2026-05-22,returning,region,Türkiye,1,0.009259259259259259
2026-05-22,returning,region,Togo,1,0.009259259259259259
2026-05-22,returning,region,Seychelles,1,0.009259259259259259
2026-05-22,returning,region,Malaysia,1,0.009259259259259259
2026-05-22,returning,region,Kenya,1,0.009259259259259259
2026-05-22,returning,region,Mexico,1,0.009259259259259259
2026-05-23,dau,channel,Direct,345,0.9452054794520548
2026-05-23,dau,channel,SEO / Organic Search,9,0.024657534246575342
2026-05-23,dau,channel,Google Ads,7,0.019178082191780823
2026-05-23,dau,channel,Organic Social,4,0.010958904109589041
2026-05-23,dau,interface,Web App,365,1.0
2026-05-23,dau,region,United States,63,0.1726027397260274
2026-05-23,dau,region,Germany,48,0.13150684931506848
2026-05-23,dau,region,Indonesia,38,0.10410958904109589
2026-05-23,dau,region,India,28,0.07671232876712329
2026-05-23,dau,region,The Netherlands,18,0.049315068493150684
2026-05-23,dau,region,Bangladesh,15,0.0410958904109589
2026-05-23,dau,region,Türkiye,11,0.030136986301369864
2026-05-23,dau,region,Pakistan,9,0.024657534246575342
2026-05-23,dau,region,Nigeria,8,0.021917808219178082
2026-05-23,dau,region,United Kingdom,8,0.021917808219178082
2026-05-23,dau,region,Russia,8,0.021917808219178082
2026-05-23,dau,region,Vietnam,8,0.021917808219178082
2026-05-23,dau,region,Finland,7,0.019178082191780823
2026-05-23,dau,region,Ukraine,6,0.01643835616438356
2026-05-23,dau,region,Poland,6,0.01643835616438356
2026-05-23,dau,region,Italy,5,0.0136986301369863
2026-05-23,dau,region,France,5,0.0136986301369863
2026-05-23,dau,region,Brazil,5,0.0136986301369863
2026-05-23,dau,region,Malaysia,4,0.010958904109589041
2026-05-23,dau,region,Greece,4,0.010958904109589041
2026-05-23,dau,region,Canada,3,0.00821917808219178
2026-05-23,dau,region,Morocco,3,0.00821917808219178
2026-05-23,dau,region,Latvia,3,0.00821917808219178
2026-05-23,dau,region,Australia,3,0.00821917808219178
2026-05-23,dau,region,Kazakhstan,3,0.00821917808219178
2026-05-23,dau,region,Singapore,3,0.00821917808219178
2026-05-23,dau,region,Belgium,2,0.005479452054794521
2026-05-23,dau,region,Uzbekistan,2,0.005479452054794521
2026-05-23,dau,region,Egypt,2,0.005479452054794521
2026-05-23,dau,region,Senegal,2,0.005479452054794521
2026-05-23,dau,region,South Korea,2,0.005479452054794521
2026-05-23,dau,region,Armenia,2,0.005479452054794521
2026-05-23,dau,region,Algeria,2,0.005479452054794521
2026-05-23,dau,region,Moldova,2,0.005479452054794521
2026-05-23,dau,region,Denmark,2,0.005479452054794521
2026-05-23,dau,region,Belarus,2,0.005479452054794521
2026-05-23,dau,region,Lithuania,2,0.005479452054794521
2026-05-23,dau,region,Hong Kong,1,0.0027397260273972603
2026-05-23,dau,region,Bulgaria,1,0.0027397260273972603
2026-05-23,dau,region,Ghana,1,0.0027397260273972603
2026-05-23,dau,region,Iraq,1,0.0027397260273972603
2026-05-23,dau,region,Estonia,1,0.0027397260273972603
2026-05-23,dau,region,Jordan,1,0.0027397260273972603
2026-05-23,dau,region,Slovenia,1,0.0027397260273972603
2026-05-23,dau,region,Seychelles,1,0.0027397260273972603
2026-05-23,dau,region,Switzerland,1,0.0027397260273972603
2026-05-23,dau,region,Bolivia,1,0.0027397260273972603
2026-05-23,dau,region,Tajikistan,1,0.0027397260273972603
2026-05-23,dau,region,Liechtenstein,1,0.0027397260273972603
2026-05-23,dau,region,Japan,1,0.0027397260273972603
2026-05-23,dau,region,Croatia,1,0.0027397260273972603
2026-05-23,dau,region,Czechia,1,0.0027397260273972603
2026-05-23,dau,region,Sweden,1,0.0027397260273972603
2026-05-23,dau,region,Ecuador,1,0.0027397260273972603
2026-05-23,dau,region,United Arab Emirates,1,0.0027397260273972603
2026-05-23,dau,region,Myanmar,1,0.0027397260273972603
2026-05-23,dau,region,Israel,1,0.0027397260273972603
2026-05-23,dau,region,Mexico,1,0.0027397260273972603
2026-05-23,new,channel,Direct,256,0.9481481481481482
2026-05-23,new,channel,SEO / Organic Search,6,0.022222222222222223
2026-05-23,new,channel,Google Ads,5,0.018518518518518517
2026-05-23,new,channel,Organic Social,3,0.011111111111111112
2026-05-23,new,interface,Web App,270,1.0
2026-05-23,new,region,United States,54,0.2
2026-05-23,new,region,Germany,45,0.16666666666666666
2026-05-23,new,region,Indonesia,32,0.11851851851851852
2026-05-23,new,region,India,18,0.06666666666666667
2026-05-23,new,region,The Netherlands,16,0.05925925925925926
2026-05-23,new,region,Türkiye,10,0.037037037037037035
2026-05-23,new,region,Bangladesh,9,0.03333333333333333
2026-05-23,new,region,United Kingdom,7,0.025925925925925925
2026-05-23,new,region,Finland,6,0.022222222222222223
2026-05-23,new,region,Italy,5,0.018518518518518517
2026-05-23,new,region,Vietnam,5,0.018518518518518517
2026-05-23,new,region,Nigeria,4,0.014814814814814815
2026-05-23,new,region,France,4,0.014814814814814815
2026-05-23,new,region,Russia,4,0.014814814814814815
2026-05-23,new,region,Greece,4,0.014814814814814815
2026-05-23,new,region,Canada,3,0.011111111111111112
2026-05-23,new,region,Ukraine,3,0.011111111111111112
2026-05-23,new,region,Malaysia,3,0.011111111111111112
2026-05-23,new,region,Brazil,3,0.011111111111111112
2026-05-23,new,region,Belgium,2,0.007407407407407408
2026-05-23,new,region,Uzbekistan,2,0.007407407407407408
2026-05-23,new,region,Latvia,2,0.007407407407407408
2026-05-23,new,region,South Korea,2,0.007407407407407408
2026-05-23,new,region,Kazakhstan,2,0.007407407407407408
2026-05-23,new,region,Moldova,2,0.007407407407407408
2026-05-23,new,region,Lithuania,2,0.007407407407407408
2026-05-23,new,region,Singapore,2,0.007407407407407408
2026-05-23,new,region,Australia,1,0.003703703703703704
2026-05-23,new,region,Egypt,1,0.003703703703703704
2026-05-23,new,region,Hong Kong,1,0.003703703703703704
2026-05-23,new,region,Senegal,1,0.003703703703703704
2026-05-23,new,region,Bulgaria,1,0.003703703703703704
2026-05-23,new,region,Ghana,1,0.003703703703703704
2026-05-23,new,region,Armenia,1,0.003703703703703704
2026-05-23,new,region,Iraq,1,0.003703703703703704
2026-05-23,new,region,Estonia,1,0.003703703703703704
2026-05-23,new,region,Jordan,1,0.003703703703703704
2026-05-23,new,region,Algeria,1,0.003703703703703704
2026-05-23,new,region,Poland,1,0.003703703703703704
2026-05-23,new,region,Switzerland,1,0.003703703703703704
2026-05-23,new,region,Tajikistan,1,0.003703703703703704
2026-05-23,new,region,Japan,1,0.003703703703703704
2026-05-23,new,region,Belarus,1,0.003703703703703704
2026-05-23,new,region,Czechia,1,0.003703703703703704
2026-05-23,new,region,Sweden,1,0.003703703703703704
2026-05-23,new,region,Myanmar,1,0.003703703703703704
2026-05-23,returning,channel,Direct,89,0.9368421052631579
2026-05-23,returning,channel,SEO / Organic Search,3,0.031578947368421054
2026-05-23,returning,channel,Google Ads,2,0.021052631578947368
2026-05-23,returning,channel,Organic Social,1,0.010526315789473684
2026-05-23,returning,interface,Web App,95,1.0
2026-05-23,returning,region,India,10,0.10526315789473684
2026-05-23,returning,region,Pakistan,9,0.09473684210526316
2026-05-23,returning,region,United States,9,0.09473684210526316
2026-05-23,returning,region,Indonesia,6,0.06315789473684211
2026-05-23,returning,region,Bangladesh,6,0.06315789473684211
2026-05-23,returning,region,Poland,5,0.05263157894736842
2026-05-23,returning,region,Nigeria,4,0.042105263157894736
2026-05-23,returning,region,Russia,4,0.042105263157894736
2026-05-23,returning,region,Ukraine,3,0.031578947368421054
2026-05-23,returning,region,Morocco,3,0.031578947368421054
2026-05-23,returning,region,Vietnam,3,0.031578947368421054
2026-05-23,returning,region,Germany,3,0.031578947368421054
2026-05-23,returning,region,The Netherlands,2,0.021052631578947368
2026-05-23,returning,region,Brazil,2,0.021052631578947368
2026-05-23,returning,region,Denmark,2,0.021052631578947368
2026-05-23,returning,region,Australia,2,0.021052631578947368
2026-05-23,returning,region,Kazakhstan,1,0.010526315789473684
2026-05-23,returning,region,Singapore,1,0.010526315789473684
2026-05-23,returning,region,United Kingdom,1,0.010526315789473684
2026-05-23,returning,region,Latvia,1,0.010526315789473684
2026-05-23,returning,region,Algeria,1,0.010526315789473684
2026-05-23,returning,region,Armenia,1,0.010526315789473684
2026-05-23,returning,region,Türkiye,1,0.010526315789473684
2026-05-23,returning,region,Slovenia,1,0.010526315789473684
2026-05-23,returning,region,Seychelles,1,0.010526315789473684
2026-05-23,returning,region,Egypt,1,0.010526315789473684
2026-05-23,returning,region,France,1,0.010526315789473684
2026-05-23,returning,region,Belarus,1,0.010526315789473684
2026-05-23,returning,region,Bolivia,1,0.010526315789473684
2026-05-23,returning,region,Finland,1,0.010526315789473684
2026-05-23,returning,region,Malaysia,1,0.010526315789473684
2026-05-23,returning,region,Senegal,1,0.010526315789473684
2026-05-23,returning,region,Liechtenstein,1,0.010526315789473684
2026-05-23,returning,region,Croatia,1,0.010526315789473684
2026-05-23,returning,region,Ecuador,1,0.010526315789473684
2026-05-23,returning,region,United Arab Emirates,1,0.010526315789473684
2026-05-23,returning,region,Israel,1,0.010526315789473684
2026-05-23,returning,region,Mexico,1,0.010526315789473684
2026-05-24,dau,channel,Direct,247,0.95
2026-05-24,dau,channel,Google Ads,7,0.026923076923076925
2026-05-24,dau,channel,SEO / Organic Search,5,0.019230769230769232
2026-05-24,dau,channel,Meta Ads,1,0.0038461538461538464
2026-05-24,dau,interface,Web App,260,1.0
2026-05-24,dau,region,United States,39,0.15
2026-05-24,dau,region,India,33,0.12692307692307692
2026-05-24,dau,region,Indonesia,30,0.11538461538461539
2026-05-24,dau,region,Germany,19,0.07307692307692308
2026-05-24,dau,region,The Netherlands,11,0.04230769230769231
2026-05-24,dau,region,Malaysia,10,0.038461538461538464
2026-05-24,dau,region,Nigeria,8,0.03076923076923077
2026-05-24,dau,region,Bangladesh,7,0.026923076923076925
2026-05-24,dau,region,United Kingdom,7,0.026923076923076925
2026-05-24,dau,region,Pakistan,6,0.023076923076923078
2026-05-24,dau,region,Brazil,6,0.023076923076923078
2026-05-24,dau,region,Türkiye,6,0.023076923076923078
2026-05-24,dau,region,Vietnam,5,0.019230769230769232
2026-05-24,dau,region,Egypt,4,0.015384615384615385
2026-05-24,dau,region,Belarus,4,0.015384615384615385
2026-05-24,dau,region,South Korea,4,0.015384615384615385
2026-05-24,dau,region,Poland,4,0.015384615384615385
2026-05-24,dau,region,France,4,0.015384615384615385
2026-05-24,dau,region,Singapore,3,0.011538461538461539
2026-05-24,dau,region,Canada,3,0.011538461538461539
2026-05-24,dau,region,Hong Kong,3,0.011538461538461539
2026-05-24,dau,region,Finland,3,0.011538461538461539
2026-05-24,dau,region,Colombia,2,0.007692307692307693
2026-05-24,dau,region,Lithuania,2,0.007692307692307693
2026-05-24,dau,region,Ghana,2,0.007692307692307693
2026-05-24,dau,region,Italy,2,0.007692307692307693
2026-05-24,dau,region,Cameroon,2,0.007692307692307693
2026-05-24,dau,region,Russia,2,0.007692307692307693
2026-05-24,dau,region,Latvia,2,0.007692307692307693
2026-05-24,dau,region,Cyprus,2,0.007692307692307693
2026-05-24,dau,region,Philippines,2,0.007692307692307693
2026-05-24,dau,region,Algeria,2,0.007692307692307693
2026-05-24,dau,region,Ukraine,2,0.007692307692307693
2026-05-24,dau,region,Kazakhstan,1,0.0038461538461538464
2026-05-24,dau,region,Ethiopia,1,0.0038461538461538464
2026-05-24,dau,region,Azerbaijan,1,0.0038461538461538464
2026-05-24,dau,region,Trinidad and Tobago,1,0.0038461538461538464
2026-05-24,dau,region,Jordan,1,0.0038461538461538464
2026-05-24,dau,region,Tajikistan,1,0.0038461538461538464
2026-05-24,dau,region,China,1,0.0038461538461538464
2026-05-24,dau,region,Kyrgyzstan,1,0.0038461538461538464
2026-05-24,dau,region,Tunisia,1,0.0038461538461538464
2026-05-24,dau,region,Sri Lanka,1,0.0038461538461538464
2026-05-24,dau,region,Dominican Republic,1,0.0038461538461538464
2026-05-24,dau,region,Belgium,1,0.0038461538461538464
2026-05-24,dau,region,Japan,1,0.0038461538461538464
2026-05-24,dau,region,Cambodia,1,0.0038461538461538464
2026-05-24,dau,region,Laos,1,0.0038461538461538464
2026-05-24,dau,region,Australia,1,0.0038461538461538464
2026-05-24,dau,region,Spain,1,0.0038461538461538464
2026-05-24,dau,region,Uzbekistan,1,0.0038461538461538464
2026-05-24,dau,region,Estonia,1,0.0038461538461538464
2026-05-24,new,channel,Direct,160,0.9411764705882353
2026-05-24,new,channel,Google Ads,6,0.03529411764705882
2026-05-24,new,channel,SEO / Organic Search,4,0.023529411764705882
2026-05-24,new,interface,Web App,170,1.0
2026-05-24,new,region,United States,28,0.16470588235294117
2026-05-24,new,region,India,28,0.16470588235294117
2026-05-24,new,region,Indonesia,22,0.12941176470588237
2026-05-24,new,region,Germany,11,0.06470588235294118
2026-05-24,new,region,Malaysia,10,0.058823529411764705
2026-05-24,new,region,The Netherlands,8,0.047058823529411764
2026-05-24,new,region,Egypt,4,0.023529411764705882
2026-05-24,new,region,United Kingdom,4,0.023529411764705882
2026-05-24,new,region,Brazil,3,0.01764705882352941
2026-05-24,new,region,Türkiye,3,0.01764705882352941
2026-05-24,new,region,Belarus,3,0.01764705882352941
2026-05-24,new,region,Nigeria,3,0.01764705882352941
2026-05-24,new,region,South Korea,3,0.01764705882352941
2026-05-24,new,region,Bangladesh,3,0.01764705882352941
2026-05-24,new,region,Vietnam,3,0.01764705882352941
2026-05-24,new,region,Finland,3,0.01764705882352941
2026-05-24,new,region,Singapore,2,0.011764705882352941
2026-05-24,new,region,Colombia,2,0.011764705882352941
2026-05-24,new,region,Canada,2,0.011764705882352941
2026-05-24,new,region,Cyprus,2,0.011764705882352941
2026-05-24,new,region,Philippines,2,0.011764705882352941
2026-05-24,new,region,Hong Kong,2,0.011764705882352941
2026-05-24,new,region,France,2,0.011764705882352941
2026-05-24,new,region,Azerbaijan,1,0.0058823529411764705
2026-05-24,new,region,Latvia,1,0.0058823529411764705
2026-05-24,new,region,Poland,1,0.0058823529411764705
2026-05-24,new,region,China,1,0.0058823529411764705
2026-05-24,new,region,Algeria,1,0.0058823529411764705
2026-05-24,new,region,Sri Lanka,1,0.0058823529411764705
2026-05-24,new,region,Dominican Republic,1,0.0058823529411764705
2026-05-24,new,region,Belgium,1,0.0058823529411764705
2026-05-24,new,region,Ukraine,1,0.0058823529411764705
2026-05-24,new,region,Japan,1,0.0058823529411764705
2026-05-24,new,region,Cambodia,1,0.0058823529411764705
2026-05-24,new,region,Laos,1,0.0058823529411764705
2026-05-24,new,region,Australia,1,0.0058823529411764705
2026-05-24,new,region,Cameroon,1,0.0058823529411764705
2026-05-24,new,region,Ghana,1,0.0058823529411764705
2026-05-24,new,region,Spain,1,0.0058823529411764705
2026-05-24,new,region,Pakistan,1,0.0058823529411764705
2026-05-24,returning,channel,Direct,87,0.9666666666666667
2026-05-24,returning,channel,Meta Ads,1,0.011111111111111112
2026-05-24,returning,channel,Google Ads,1,0.011111111111111112
2026-05-24,returning,channel,SEO / Organic Search,1,0.011111111111111112
2026-05-24,returning,interface,Web App,90,1.0
2026-05-24,returning,region,United States,11,0.12222222222222222
2026-05-24,returning,region,Germany,8,0.08888888888888889
2026-05-24,returning,region,Indonesia,8,0.08888888888888889
2026-05-24,returning,region,Pakistan,5,0.05555555555555555
2026-05-24,returning,region,Nigeria,5,0.05555555555555555
2026-05-24,returning,region,India,5,0.05555555555555555
2026-05-24,returning,region,Bangladesh,4,0.044444444444444446
2026-05-24,returning,region,Poland,3,0.03333333333333333
2026-05-24,returning,region,Brazil,3,0.03333333333333333
2026-05-24,returning,region,Türkiye,3,0.03333333333333333
2026-05-24,returning,region,United Kingdom,3,0.03333333333333333
2026-05-24,returning,region,The Netherlands,3,0.03333333333333333
2026-05-24,returning,region,Lithuania,2,0.022222222222222223
2026-05-24,returning,region,Italy,2,0.022222222222222223
2026-05-24,returning,region,Vietnam,2,0.022222222222222223
2026-05-24,returning,region,Russia,2,0.022222222222222223
2026-05-24,returning,region,France,2,0.022222222222222223
2026-05-24,returning,region,Kazakhstan,1,0.011111111111111112
2026-05-24,returning,region,Canada,1,0.011111111111111112
2026-05-24,returning,region,Belarus,1,0.011111111111111112
2026-05-24,returning,region,Ethiopia,1,0.011111111111111112
2026-05-24,returning,region,Hong Kong,1,0.011111111111111112
2026-05-24,returning,region,Ghana,1,0.011111111111111112
2026-05-24,returning,region,Cameroon,1,0.011111111111111112
2026-05-24,returning,region,Singapore,1,0.011111111111111112
2026-05-24,returning,region,Trinidad and Tobago,1,0.011111111111111112
2026-05-24,returning,region,Jordan,1,0.011111111111111112
2026-05-24,returning,region,Tajikistan,1,0.011111111111111112
2026-05-24,returning,region,Kyrgyzstan,1,0.011111111111111112
2026-05-24,returning,region,Tunisia,1,0.011111111111111112
2026-05-24,returning,region,South Korea,1,0.011111111111111112
2026-05-24,returning,region,Ukraine,1,0.011111111111111112
2026-05-24,returning,region,Algeria,1,0.011111111111111112
2026-05-24,returning,region,Latvia,1,0.011111111111111112
2026-05-24,returning,region,Uzbekistan,1,0.011111111111111112
2026-05-24,returning,region,Estonia,1,0.011111111111111112
2026-05-25,dau,channel,Direct,214,0.9029535864978903
2026-05-25,dau,channel,SEO / Organic Search,10,0.04219409282700422
2026-05-25,dau,channel,Google Ads,7,0.029535864978902954
2026-05-25,dau,channel,Referral,6,0.02531645569620253
2026-05-25,dau,interface,Web App,237,1.0
2026-05-25,dau,region,Indonesia,37,0.15611814345991562
2026-05-25,dau,region,India,25,0.10548523206751055
2026-05-25,dau,region,Singapore,20,0.08438818565400844
2026-05-25,dau,region,United States,19,0.08016877637130802
2026-05-25,dau,region,Pakistan,10,0.04219409282700422
2026-05-25,dau,region,Vietnam,10,0.04219409282700422
2026-05-25,dau,region,Bangladesh,9,0.0379746835443038
2026-05-25,dau,region,Germany,9,0.0379746835443038
2026-05-25,dau,region,United Kingdom,7,0.029535864978902954
2026-05-25,dau,region,Brazil,7,0.029535864978902954
2026-05-25,dau,region,Nigeria,6,0.02531645569620253
2026-05-25,dau,region,Lithuania,6,0.02531645569620253
2026-05-25,dau,region,France,6,0.02531645569620253
2026-05-25,dau,region,Japan,4,0.016877637130801686
2026-05-25,dau,region,The Netherlands,4,0.016877637130801686
2026-05-25,dau,region,Italy,4,0.016877637130801686
2026-05-25,dau,region,Malaysia,4,0.016877637130801686
2026-05-25,dau,region,Russia,4,0.016877637130801686
2026-05-25,dau,region,Algeria,3,0.012658227848101266
2026-05-25,dau,region,Poland,3,0.012658227848101266
2026-05-25,dau,region,Finland,3,0.012658227848101266
2026-05-25,dau,region,Iran,3,0.012658227848101266
2026-05-25,dau,region,Iraq,2,0.008438818565400843
2026-05-25,dau,region,Egypt,2,0.008438818565400843
2026-05-25,dau,region,Romania,2,0.008438818565400843
2026-05-25,dau,region,Kenya,2,0.008438818565400843
2026-05-25,dau,region,Austria,2,0.008438818565400843
2026-05-25,dau,region,Türkiye,2,0.008438818565400843
2026-05-25,dau,region,Morocco,2,0.008438818565400843
2026-05-25,dau,region,Canada,2,0.008438818565400843
2026-05-25,dau,region,Malta,2,0.008438818565400843
2026-05-25,dau,region,Australia,2,0.008438818565400843
2026-05-25,dau,region,Bulgaria,2,0.008438818565400843
2026-05-25,dau,region,Hong Kong,1,0.004219409282700422
2026-05-25,dau,region,Jordan,1,0.004219409282700422
2026-05-25,dau,region,Honduras,1,0.004219409282700422
2026-05-25,dau,region,Ghana,1,0.004219409282700422
2026-05-25,dau,region,Croatia,1,0.004219409282700422
2026-05-25,dau,region,Switzerland,1,0.004219409282700422
2026-05-25,dau,region,Azerbaijan,1,0.004219409282700422
2026-05-25,dau,region,Estonia,1,0.004219409282700422
2026-05-25,dau,region,United Arab Emirates,1,0.004219409282700422
2026-05-25,dau,region,Latvia,1,0.004219409282700422
2026-05-25,dau,region,Tunisia,1,0.004219409282700422
2026-05-25,dau,region,Norway,1,0.004219409282700422
2026-05-25,new,channel,Direct,123,0.8913043478260869
2026-05-25,new,channel,SEO / Organic Search,8,0.057971014492753624
2026-05-25,new,channel,Google Ads,6,0.043478260869565216
2026-05-25,new,channel,Referral,1,0.007246376811594203
2026-05-25,new,interface,Web App,138,1.0
2026-05-25,new,region,Indonesia,27,0.1956521739130435
2026-05-25,new,region,India,14,0.10144927536231885
2026-05-25,new,region,Singapore,12,0.08695652173913043
2026-05-25,new,region,United States,10,0.07246376811594203
2026-05-25,new,region,Vietnam,9,0.06521739130434782
2026-05-25,new,region,Bangladesh,5,0.036231884057971016
2026-05-25,new,region,Lithuania,4,0.028985507246376812
2026-05-25,new,region,Pakistan,4,0.028985507246376812
2026-05-25,new,region,France,4,0.028985507246376812
2026-05-25,new,region,The Netherlands,3,0.021739130434782608
2026-05-25,new,region,Algeria,3,0.021739130434782608
2026-05-25,new,region,Malaysia,3,0.021739130434782608
2026-05-25,new,region,Russia,3,0.021739130434782608
2026-05-25,new,region,United Kingdom,3,0.021739130434782608
2026-05-25,new,region,Iran,3,0.021739130434782608
2026-05-25,new,region,Iraq,2,0.014492753623188406
2026-05-25,new,region,Italy,2,0.014492753623188406
2026-05-25,new,region,Brazil,2,0.014492753623188406
2026-05-25,new,region,Germany,2,0.014492753623188406
2026-05-25,new,region,Poland,2,0.014492753623188406
2026-05-25,new,region,Austria,2,0.014492753623188406
2026-05-25,new,region,Türkiye,2,0.014492753623188406
2026-05-25,new,region,Canada,2,0.014492753623188406
2026-05-25,new,region,Australia,2,0.014492753623188406
2026-05-25,new,region,Hong Kong,1,0.007246376811594203
2026-05-25,new,region,Japan,1,0.007246376811594203
2026-05-25,new,region,Finland,1,0.007246376811594203
2026-05-25,new,region,Egypt,1,0.007246376811594203
2026-05-25,new,region,Romania,1,0.007246376811594203
2026-05-25,new,region,Ghana,1,0.007246376811594203
2026-05-25,new,region,Switzerland,1,0.007246376811594203
2026-05-25,new,region,Morocco,1,0.007246376811594203
2026-05-25,new,region,Estonia,1,0.007246376811594203
2026-05-25,new,region,United Arab Emirates,1,0.007246376811594203
2026-05-25,new,region,Nigeria,1,0.007246376811594203
2026-05-25,new,region,Bulgaria,1,0.007246376811594203
2026-05-25,new,region,Norway,1,0.007246376811594203
2026-05-25,returning,channel,Direct,91,0.9191919191919192
2026-05-25,returning,channel,Referral,5,0.050505050505050504
2026-05-25,returning,channel,SEO / Organic Search,2,0.020202020202020204
2026-05-25,returning,channel,Google Ads,1,0.010101010101010102
2026-05-25,returning,interface,Web App,99,1.0
2026-05-25,returning,region,India,11,0.1111111111111111
2026-05-25,returning,region,Indonesia,10,0.10101010101010101
2026-05-25,returning,region,United States,9,0.09090909090909091
2026-05-25,returning,region,Singapore,8,0.08080808080808081
2026-05-25,returning,region,Germany,7,0.0707070707070707
2026-05-25,returning,region,Pakistan,6,0.06060606060606061
2026-05-25,returning,region,Nigeria,5,0.050505050505050504
2026-05-25,returning,region,Brazil,5,0.050505050505050504
2026-05-25,returning,region,United Kingdom,4,0.04040404040404041
2026-05-25,returning,region,Bangladesh,4,0.04040404040404041
2026-05-25,returning,region,Japan,3,0.030303030303030304
2026-05-25,returning,region,Italy,2,0.020202020202020204
2026-05-25,returning,region,Finland,2,0.020202020202020204
2026-05-25,returning,region,France,2,0.020202020202020204
2026-05-25,returning,region,Lithuania,2,0.020202020202020204
2026-05-25,returning,region,Kenya,2,0.020202020202020204
2026-05-25,returning,region,Malta,2,0.020202020202020204
2026-05-25,returning,region,Poland,1,0.010101010101010102
2026-05-25,returning,region,Jordan,1,0.010101010101010102
2026-05-25,returning,region,Russia,1,0.010101010101010102
2026-05-25,returning,region,Honduras,1,0.010101010101010102
2026-05-25,returning,region,The Netherlands,1,0.010101010101010102
2026-05-25,returning,region,Croatia,1,0.010101010101010102
2026-05-25,returning,region,Malaysia,1,0.010101010101010102
2026-05-25,returning,region,Azerbaijan,1,0.010101010101010102
2026-05-25,returning,region,Vietnam,1,0.010101010101010102
2026-05-25,returning,region,Latvia,1,0.010101010101010102
2026-05-25,returning,region,Morocco,1,0.010101010101010102
2026-05-25,returning,region,Romania,1,0.010101010101010102
2026-05-25,returning,region,Bulgaria,1,0.010101010101010102
2026-05-25,returning,region,Tunisia,1,0.010101010101010102
2026-05-25,returning,region,Egypt,1,0.010101010101010102
