-- 001_vividwalls_seed.sql
-- Realistic VividWalls business data (~1 month of operations).
-- Safe to re-run: uses ON CONFLICT DO NOTHING where possible.

BEGIN;

-- ============================================================
-- PRODUCTS (30 items)
-- ============================================================
INSERT INTO erp.products (id, sku, name, description, price, currency, category, stock_qty, status, metadata) VALUES
  ('a0000001-0001-4000-8000-000000000001', 'VW-ABS-001', 'Cosmic Drift', 'Bold abstract swirls in midnight blue and gold', 149.00, 'USD', 'Abstract', 120, 'active', '{}'),
  ('a0000001-0001-4000-8000-000000000002', 'VW-ABS-002', 'Neon Pulse', 'Vibrant neon abstract with electric energy', 129.00, 'USD', 'Abstract', 85, 'active', '{}'),
  ('a0000001-0001-4000-8000-000000000003', 'VW-ABS-003', 'Ember Flow', 'Warm abstract gradients in amber and crimson', 169.00, 'USD', 'Abstract', 45, 'active', '{}'),
  ('a0000001-0001-4000-8000-000000000004', 'VW-ABS-004', 'Ocean Depth', 'Deep sea abstract in teal and navy', 139.00, 'USD', 'Abstract', 200, 'active', '{}'),
  ('a0000001-0001-4000-8000-000000000005', 'VW-ABS-005', 'Solar Flare', 'Explosive abstract in orange and white', 159.00, 'USD', 'Abstract', 0, 'active', '{}'),
  ('a0000001-0001-4000-8000-000000000006', 'VW-MIN-001', 'Silent Line', 'Single stroke minimalist on cream', 79.00, 'USD', 'Minimalist', 300, 'active', '{}'),
  ('a0000001-0001-4000-8000-000000000007', 'VW-MIN-002', 'Void Circle', 'Minimalist circle composition in charcoal', 89.00, 'USD', 'Minimalist', 250, 'active', '{}'),
  ('a0000001-0001-4000-8000-000000000008', 'VW-MIN-003', 'Whisper Grid', 'Subtle grid pattern in soft gray', 69.00, 'USD', 'Minimalist', 180, 'active', '{}'),
  ('a0000001-0001-4000-8000-000000000009', 'VW-MIN-004', 'Balance Point', 'Asymmetric minimalist balance study', 99.00, 'USD', 'Minimalist', 8, 'active', '{}'),
  ('a0000001-0001-4000-8000-000000000010', 'VW-MIN-005', 'Mono Horizon', 'Black and white horizon line', 59.00, 'USD', 'Minimalist', 400, 'active', '{}'),
  ('a0000001-0001-4000-8000-000000000011', 'VW-NAT-001', 'Forest Canopy', 'Lush green forest from above', 179.00, 'USD', 'Nature', 90, 'active', '{}'),
  ('a0000001-0001-4000-8000-000000000012', 'VW-NAT-002', 'Desert Bloom', 'Desert landscape with wildflowers', 159.00, 'USD', 'Nature', 65, 'active', '{}'),
  ('a0000001-0001-4000-8000-000000000013', 'VW-NAT-003', 'Mountain Mist', 'Misty mountain peaks at dawn', 199.00, 'USD', 'Nature', 40, 'active', '{}'),
  ('a0000001-0001-4000-8000-000000000014', 'VW-NAT-004', 'Coral Reef', 'Underwater coral reef panorama', 189.00, 'USD', 'Nature', 55, 'active', '{}'),
  ('a0000001-0001-4000-8000-000000000015', 'VW-NAT-005', 'Aurora Sky', 'Northern lights over frozen lake', 219.00, 'USD', 'Nature', 3, 'active', '{}'),
  ('a0000001-0001-4000-8000-000000000016', 'VW-GEO-001', 'Hex Matrix', 'Hexagonal geometric pattern in copper', 119.00, 'USD', 'Geometric', 150, 'active', '{}'),
  ('a0000001-0001-4000-8000-000000000017', 'VW-GEO-002', 'Prism Break', 'Triangular prism refraction study', 109.00, 'USD', 'Geometric', 175, 'active', '{}'),
  ('a0000001-0001-4000-8000-000000000018', 'VW-GEO-003', 'Tessellation', 'Interlocking geometric tiles in jewel tones', 139.00, 'USD', 'Geometric', 95, 'active', '{}'),
  ('a0000001-0001-4000-8000-000000000019', 'VW-GEO-004', 'Sacred Geometry', 'Flower of life pattern in gold leaf', 249.00, 'USD', 'Geometric', 25, 'active', '{}'),
  ('a0000001-0001-4000-8000-000000000020', 'VW-GEO-005', 'Cube Cascade', '3D cube illusion in monochrome', 99.00, 'USD', 'Geometric', 210, 'active', '{}'),
  ('a0000001-0001-4000-8000-000000000021', 'VW-PRT-001', 'Digital Muse', 'AI-generated portrait in renaissance style', 259.00, 'USD', 'Portrait', 30, 'active', '{}'),
  ('a0000001-0001-4000-8000-000000000022', 'VW-PRT-002', 'Neon Face', 'Cyberpunk portrait with neon accents', 229.00, 'USD', 'Portrait', 20, 'active', '{}'),
  ('a0000001-0001-4000-8000-000000000023', 'VW-PRT-003', 'Watercolor Soul', 'Soft watercolor portrait blend', 189.00, 'USD', 'Portrait', 50, 'active', '{}'),
  ('a0000001-0001-4000-8000-000000000024', 'VW-PRT-004', 'Pop Icon', 'Pop art style portrait in bold colors', 199.00, 'USD', 'Portrait', 35, 'active', '{}'),
  ('a0000001-0001-4000-8000-000000000025', 'VW-PRT-005', 'Sketch Study', 'Detailed pencil sketch portrait', 149.00, 'USD', 'Portrait', 60, 'active', '{}'),
  ('a0000001-0001-4000-8000-000000000026', 'VW-CUS-001', 'Custom Canvas 24x36', 'Custom AI art on 24x36 premium canvas', 299.00, 'USD', 'Custom', 0, 'draft', '{}'),
  ('a0000001-0001-4000-8000-000000000027', 'VW-CUS-002', 'Custom Canvas 18x24', 'Custom AI art on 18x24 premium canvas', 249.00, 'USD', 'Custom', 0, 'draft', '{}'),
  ('a0000001-0001-4000-8000-000000000028', 'VW-CUS-003', 'Custom Print 12x16', 'Custom AI art print on archival paper', 149.00, 'USD', 'Custom', 0, 'draft', '{}'),
  ('a0000001-0001-4000-8000-000000000029', 'VW-CUS-004', 'Custom Metal 20x30', 'Custom AI art on brushed aluminum', 349.00, 'USD', 'Custom', 0, 'draft', '{}'),
  ('a0000001-0001-4000-8000-000000000030', 'VW-CUS-005', 'Custom Poster 16x20', 'Custom AI art poster print', 49.00, 'USD', 'Custom', 0, 'draft', '{}')
ON CONFLICT (id) DO NOTHING;

-- ============================================================
-- WAREHOUSES (2) — insert into supply_nodes which is the existing table
-- ============================================================
INSERT INTO erp.supply_nodes (id, name, type, location, metadata) VALUES
  ('b0000001-0001-4000-8000-000000000001', 'VividWalls Primary', 'warehouse', 'Los Angeles, CA', '{"capacity": 5000}'),
  ('b0000001-0001-4000-8000-000000000002', 'VividWalls East', 'warehouse', 'Atlanta, GA', '{"capacity": 2000}')
ON CONFLICT (id) DO NOTHING;

-- ============================================================
-- STOCK ITEMS (30 matching products)
-- ============================================================
INSERT INTO erp.stock_items (id, product_id, warehouse_id, quantity, reorder_point, sku, name, status, unit) VALUES
  ('c0000001-0001-4000-8000-000000000001', 'a0000001-0001-4000-8000-000000000001', 'b0000001-0001-4000-8000-000000000001', 120, 20, 'VW-ABS-001', 'Cosmic Drift', 'active', 'pcs'),
  ('c0000001-0001-4000-8000-000000000002', 'a0000001-0001-4000-8000-000000000002', 'b0000001-0001-4000-8000-000000000001', 85, 15, 'VW-ABS-002', 'Neon Pulse', 'active', 'pcs'),
  ('c0000001-0001-4000-8000-000000000003', 'a0000001-0001-4000-8000-000000000003', 'b0000001-0001-4000-8000-000000000001', 45, 25, 'VW-ABS-003', 'Ember Flow', 'active', 'pcs'),
  ('c0000001-0001-4000-8000-000000000004', 'a0000001-0001-4000-8000-000000000004', 'b0000001-0001-4000-8000-000000000002', 200, 30, 'VW-ABS-004', 'Ocean Depth', 'active', 'pcs'),
  ('c0000001-0001-4000-8000-000000000005', 'a0000001-0001-4000-8000-000000000005', 'b0000001-0001-4000-8000-000000000001', 0, 20, 'VW-ABS-005', 'Solar Flare', 'out_of_stock', 'pcs'),
  ('c0000001-0001-4000-8000-000000000006', 'a0000001-0001-4000-8000-000000000006', 'b0000001-0001-4000-8000-000000000001', 300, 50, 'VW-MIN-001', 'Silent Line', 'active', 'pcs'),
  ('c0000001-0001-4000-8000-000000000007', 'a0000001-0001-4000-8000-000000000007', 'b0000001-0001-4000-8000-000000000002', 250, 40, 'VW-MIN-002', 'Void Circle', 'active', 'pcs'),
  ('c0000001-0001-4000-8000-000000000008', 'a0000001-0001-4000-8000-000000000008', 'b0000001-0001-4000-8000-000000000001', 180, 30, 'VW-MIN-003', 'Whisper Grid', 'active', 'pcs'),
  ('c0000001-0001-4000-8000-000000000009', 'a0000001-0001-4000-8000-000000000009', 'b0000001-0001-4000-8000-000000000001', 8, 15, 'VW-MIN-004', 'Balance Point', 'low_stock', 'pcs'),
  ('c0000001-0001-4000-8000-000000000010', 'a0000001-0001-4000-8000-000000000010', 'b0000001-0001-4000-8000-000000000002', 400, 50, 'VW-MIN-005', 'Mono Horizon', 'active', 'pcs'),
  ('c0000001-0001-4000-8000-000000000011', 'a0000001-0001-4000-8000-000000000011', 'b0000001-0001-4000-8000-000000000001', 90, 20, 'VW-NAT-001', 'Forest Canopy', 'active', 'pcs'),
  ('c0000001-0001-4000-8000-000000000012', 'a0000001-0001-4000-8000-000000000012', 'b0000001-0001-4000-8000-000000000001', 65, 15, 'VW-NAT-002', 'Desert Bloom', 'active', 'pcs'),
  ('c0000001-0001-4000-8000-000000000013', 'a0000001-0001-4000-8000-000000000013', 'b0000001-0001-4000-8000-000000000002', 40, 20, 'VW-NAT-003', 'Mountain Mist', 'active', 'pcs'),
  ('c0000001-0001-4000-8000-000000000014', 'a0000001-0001-4000-8000-000000000014', 'b0000001-0001-4000-8000-000000000001', 55, 15, 'VW-NAT-004', 'Coral Reef', 'active', 'pcs'),
  ('c0000001-0001-4000-8000-000000000015', 'a0000001-0001-4000-8000-000000000015', 'b0000001-0001-4000-8000-000000000001', 3, 10, 'VW-NAT-005', 'Aurora Sky', 'low_stock', 'pcs'),
  ('c0000001-0001-4000-8000-000000000016', 'a0000001-0001-4000-8000-000000000016', 'b0000001-0001-4000-8000-000000000002', 150, 25, 'VW-GEO-001', 'Hex Matrix', 'active', 'pcs'),
  ('c0000001-0001-4000-8000-000000000017', 'a0000001-0001-4000-8000-000000000017', 'b0000001-0001-4000-8000-000000000001', 175, 30, 'VW-GEO-002', 'Prism Break', 'active', 'pcs'),
  ('c0000001-0001-4000-8000-000000000018', 'a0000001-0001-4000-8000-000000000018', 'b0000001-0001-4000-8000-000000000001', 95, 20, 'VW-GEO-003', 'Tessellation', 'active', 'pcs'),
  ('c0000001-0001-4000-8000-000000000019', 'a0000001-0001-4000-8000-000000000019', 'b0000001-0001-4000-8000-000000000002', 25, 10, 'VW-GEO-004', 'Sacred Geometry', 'active', 'pcs'),
  ('c0000001-0001-4000-8000-000000000020', 'a0000001-0001-4000-8000-000000000020', 'b0000001-0001-4000-8000-000000000001', 210, 35, 'VW-GEO-005', 'Cube Cascade', 'active', 'pcs'),
  ('c0000001-0001-4000-8000-000000000021', 'a0000001-0001-4000-8000-000000000021', 'b0000001-0001-4000-8000-000000000001', 30, 10, 'VW-PRT-001', 'Digital Muse', 'active', 'pcs'),
  ('c0000001-0001-4000-8000-000000000022', 'a0000001-0001-4000-8000-000000000022', 'b0000001-0001-4000-8000-000000000001', 20, 10, 'VW-PRT-002', 'Neon Face', 'active', 'pcs'),
  ('c0000001-0001-4000-8000-000000000023', 'a0000001-0001-4000-8000-000000000023', 'b0000001-0001-4000-8000-000000000002', 50, 15, 'VW-PRT-003', 'Watercolor Soul', 'active', 'pcs'),
  ('c0000001-0001-4000-8000-000000000024', 'a0000001-0001-4000-8000-000000000024', 'b0000001-0001-4000-8000-000000000001', 35, 10, 'VW-PRT-004', 'Pop Icon', 'active', 'pcs'),
  ('c0000001-0001-4000-8000-000000000025', 'a0000001-0001-4000-8000-000000000025', 'b0000001-0001-4000-8000-000000000001', 60, 15, 'VW-PRT-005', 'Sketch Study', 'active', 'pcs'),
  ('c0000001-0001-4000-8000-000000000026', 'a0000001-0001-4000-8000-000000000026', NULL, 0, 0, 'VW-CUS-001', 'Custom Canvas 24x36', 'draft', 'pcs'),
  ('c0000001-0001-4000-8000-000000000027', 'a0000001-0001-4000-8000-000000000027', NULL, 0, 0, 'VW-CUS-002', 'Custom Canvas 18x24', 'draft', 'pcs'),
  ('c0000001-0001-4000-8000-000000000028', 'a0000001-0001-4000-8000-000000000028', NULL, 0, 0, 'VW-CUS-003', 'Custom Print 12x16', 'draft', 'pcs'),
  ('c0000001-0001-4000-8000-000000000029', 'a0000001-0001-4000-8000-000000000029', NULL, 0, 0, 'VW-CUS-004', 'Custom Metal 20x30', 'draft', 'pcs'),
  ('c0000001-0001-4000-8000-000000000030', 'a0000001-0001-4000-8000-000000000030', NULL, 0, 0, 'VW-CUS-005', 'Custom Poster 16x20', 'draft', 'pcs')
ON CONFLICT (id) DO NOTHING;

-- ============================================================
-- CONTACTS / CUSTOMERS (50)
-- ============================================================
INSERT INTO erp.contacts (id, name, email, phone, company, segment, lifecycle_stage, metadata) VALUES
  -- Leads (15)
  ('d0000001-0001-4000-8000-000000000001', 'Sarah Mitchell', 'sarah.m@gmail.com', '310-555-0101', NULL, 'consumer', 'lead', '{}'),
  ('d0000001-0001-4000-8000-000000000002', 'James Park', 'jpark@outlook.com', '212-555-0102', NULL, 'consumer', 'lead', '{}'),
  ('d0000001-0001-4000-8000-000000000003', 'Emily Chen', 'echen@designstudio.co', '415-555-0103', 'Chen Design Studio', 'designer', 'lead', '{}'),
  ('d0000001-0001-4000-8000-000000000004', 'Michael Torres', 'mtorres@gmail.com', '305-555-0104', NULL, 'consumer', 'lead', '{}'),
  ('d0000001-0001-4000-8000-000000000005', 'Aisha Johnson', 'aisha.j@hotmail.com', '773-555-0105', NULL, 'consumer', 'lead', '{}'),
  ('d0000001-0001-4000-8000-000000000006', 'Robert Kim', 'rkim@interiorspro.com', '206-555-0106', 'Interiors Pro', 'designer', 'lead', '{}'),
  ('d0000001-0001-4000-8000-000000000007', 'Lisa Wang', 'lwang@gmail.com', '408-555-0107', NULL, 'consumer', 'lead', '{}'),
  ('d0000001-0001-4000-8000-000000000008', 'David Patel', 'dpatel@techhub.io', '512-555-0108', 'TechHub Inc', 'b2b', 'lead', '{}'),
  ('d0000001-0001-4000-8000-000000000009', 'Maria Garcia', 'mgarcia@yahoo.com', '602-555-0109', NULL, 'consumer', 'lead', '{}'),
  ('d0000001-0001-4000-8000-000000000010', 'Kevin O''Brien', 'kobrien@gmail.com', '617-555-0110', NULL, 'consumer', 'lead', '{}'),
  ('d0000001-0001-4000-8000-000000000011', 'Priya Sharma', 'psharma@artcollective.org', '646-555-0111', 'Art Collective', 'b2b', 'lead', '{}'),
  ('d0000001-0001-4000-8000-000000000012', 'Tom Anderson', 'tanderson@gmail.com', '503-555-0112', NULL, 'consumer', 'lead', '{}'),
  ('d0000001-0001-4000-8000-000000000013', 'Rachel Lee', 'rlee@modernhomes.com', '858-555-0113', 'Modern Homes Realty', 'designer', 'lead', '{}'),
  ('d0000001-0001-4000-8000-000000000014', 'Chris Martinez', 'cmartinez@outlook.com', '720-555-0114', NULL, 'consumer', 'lead', '{}'),
  ('d0000001-0001-4000-8000-000000000015', 'Naomi Williams', 'nwilliams@gmail.com', '404-555-0115', NULL, 'consumer', 'lead', '{}'),
  -- Customers (20)
  ('d0000001-0001-4000-8000-000000000016', 'Jennifer Adams', 'jadams@gmail.com', '310-555-0116', NULL, 'consumer', 'customer', '{}'),
  ('d0000001-0001-4000-8000-000000000017', 'Brandon Thompson', 'bthompson@startup.io', '415-555-0117', 'Startup Labs', 'b2b', 'customer', '{}'),
  ('d0000001-0001-4000-8000-000000000018', 'Olivia Scott', 'oscott@gmail.com', '212-555-0118', NULL, 'consumer', 'customer', '{}'),
  ('d0000001-0001-4000-8000-000000000019', 'Daniel Wright', 'dwright@luxinteriors.com', '305-555-0119', 'Lux Interiors', 'designer', 'customer', '{}'),
  ('d0000001-0001-4000-8000-000000000020', 'Amanda Brown', 'abrown@yahoo.com', '773-555-0120', NULL, 'consumer', 'customer', '{}'),
  ('d0000001-0001-4000-8000-000000000021', 'Ryan Nguyen', 'rnguyen@gmail.com', '206-555-0121', NULL, 'consumer', 'customer', '{}'),
  ('d0000001-0001-4000-8000-000000000022', 'Stephanie Clark', 'sclark@decohaven.com', '408-555-0122', 'DecoHaven', 'designer', 'customer', '{}'),
  ('d0000001-0001-4000-8000-000000000023', 'Marcus Jones', 'mjones@gmail.com', '512-555-0123', NULL, 'consumer', 'customer', '{}'),
  ('d0000001-0001-4000-8000-000000000024', 'Nicole Taylor', 'ntaylor@gmail.com', '602-555-0124', NULL, 'consumer', 'customer', '{}'),
  ('d0000001-0001-4000-8000-000000000025', 'Alex Rivera', 'arivera@coworkspace.com', '617-555-0125', 'CoWork Space', 'b2b', 'customer', '{}'),
  ('d0000001-0001-4000-8000-000000000026', 'Jessica Hernandez', 'jhernandez@gmail.com', '646-555-0126', NULL, 'consumer', 'customer', '{}'),
  ('d0000001-0001-4000-8000-000000000027', 'Tyler Moore', 'tmoore@outlook.com', '503-555-0127', NULL, 'consumer', 'customer', '{}'),
  ('d0000001-0001-4000-8000-000000000028', 'Samantha Davis', 'sdavis@artdeco.studio', '858-555-0128', 'Art Deco Studio', 'designer', 'customer', '{}'),
  ('d0000001-0001-4000-8000-000000000029', 'Jason White', 'jwhite@gmail.com', '720-555-0129', NULL, 'consumer', 'customer', '{}'),
  ('d0000001-0001-4000-8000-000000000030', 'Lauren Jackson', 'ljackson@hotelgroup.com', '404-555-0130', 'Apex Hotel Group', 'b2b', 'customer', '{}'),
  ('d0000001-0001-4000-8000-000000000031', 'Anthony Lewis', 'alewis@gmail.com', '310-555-0131', NULL, 'consumer', 'customer', '{}'),
  ('d0000001-0001-4000-8000-000000000032', 'Megan Robinson', 'mrobinson@gmail.com', '415-555-0132', NULL, 'consumer', 'customer', '{}'),
  ('d0000001-0001-4000-8000-000000000033', 'Peter Hall', 'phall@buildcorp.com', '212-555-0133', 'BuildCorp', 'b2b', 'customer', '{}'),
  ('d0000001-0001-4000-8000-000000000034', 'Diana Young', 'dyoung@gmail.com', '305-555-0134', NULL, 'consumer', 'customer', '{}'),
  ('d0000001-0001-4000-8000-000000000035', 'Steven King', 'sking@stagingpros.com', '773-555-0135', 'Staging Pros', 'designer', 'customer', '{}'),
  -- Loyal (10)
  ('d0000001-0001-4000-8000-000000000036', 'Catherine Bell', 'cbell@gmail.com', '206-555-0136', NULL, 'consumer', 'loyal', '{}'),
  ('d0000001-0001-4000-8000-000000000037', 'Gregory Foster', 'gfoster@elitedecor.com', '408-555-0137', 'Elite Decor', 'designer', 'loyal', '{}'),
  ('d0000001-0001-4000-8000-000000000038', 'Hannah Murphy', 'hmurphy@gmail.com', '512-555-0138', NULL, 'consumer', 'loyal', '{}'),
  ('d0000001-0001-4000-8000-000000000039', 'Ian Cooper', 'icooper@techoffice.com', '602-555-0139', 'TechOffice', 'b2b', 'loyal', '{}'),
  ('d0000001-0001-4000-8000-000000000040', 'Vanessa Reed', 'vreed@gmail.com', '617-555-0140', NULL, 'consumer', 'loyal', '{}'),
  ('d0000001-0001-4000-8000-000000000041', 'William Hayes', 'whayes@luxliving.com', '646-555-0141', 'Lux Living Design', 'designer', 'loyal', '{}'),
  ('d0000001-0001-4000-8000-000000000042', 'Sofia Ramirez', 'sramirez@gmail.com', '503-555-0142', NULL, 'consumer', 'loyal', '{}'),
  ('d0000001-0001-4000-8000-000000000043', 'Nathan Price', 'nprice@cafechain.com', '858-555-0143', 'Bean & Brew Cafes', 'b2b', 'loyal', '{}'),
  ('d0000001-0001-4000-8000-000000000044', 'Ella Morgan', 'emorgan@gmail.com', '720-555-0144', NULL, 'consumer', 'loyal', '{}'),
  ('d0000001-0001-4000-8000-000000000045', 'Patrick Russell', 'prussell@gmail.com', '404-555-0145', NULL, 'consumer', 'loyal', '{}'),
  -- Churned (5)
  ('d0000001-0001-4000-8000-000000000046', 'Tina Howard', 'thoward@gmail.com', '310-555-0146', NULL, 'consumer', 'churned', '{}'),
  ('d0000001-0001-4000-8000-000000000047', 'Derek Simmons', 'dsimmons@oldco.com', '415-555-0147', 'OldCo Inc', 'b2b', 'churned', '{}'),
  ('d0000001-0001-4000-8000-000000000048', 'Kimberly Ford', 'kford@gmail.com', '212-555-0148', NULL, 'consumer', 'churned', '{}'),
  ('d0000001-0001-4000-8000-000000000049', 'Wayne Palmer', 'wpalmer@outlook.com', '305-555-0149', NULL, 'consumer', 'churned', '{}'),
  ('d0000001-0001-4000-8000-000000000050', 'Gloria Sanders', 'gsanders@yahoo.com', '773-555-0150', NULL, 'consumer', 'churned', '{}')
ON CONFLICT (id) DO NOTHING;

-- ============================================================
-- ACCOUNTS (6)
-- ============================================================
INSERT INTO erp.accounts (id, name, type, currency, balance, parent_id) VALUES
  ('e0000001-0001-4000-8000-000000000001', 'Revenue', 'revenue', 'USD', 18500.00, NULL),
  ('e0000001-0001-4000-8000-000000000002', 'Cost of Goods Sold', 'expense', 'USD', 6200.00, NULL),
  ('e0000001-0001-4000-8000-000000000003', 'Marketing Expense', 'expense', 'USD', 1550.00, NULL),
  ('e0000001-0001-4000-8000-000000000004', 'Operating Expense', 'expense', 'USD', 3800.00, NULL),
  ('e0000001-0001-4000-8000-000000000005', 'Accounts Receivable', 'asset', 'USD', 2750.00, NULL),
  ('e0000001-0001-4000-8000-000000000006', 'Cash', 'asset', 'USD', 12400.00, NULL)
ON CONFLICT (id) DO NOTHING;

-- ============================================================
-- INVOICES (25)
-- ============================================================
INSERT INTO erp.invoices (id, customer_id, status, amount, currency, due_date, line_items) VALUES
  ('f0000001-0001-4000-8000-000000000001', 'd0000001-0001-4000-8000-000000000016', 'paid', 149.00, 'USD', '2026-02-15', '[{"sku":"VW-ABS-001","qty":1,"price":149}]'),
  ('f0000001-0001-4000-8000-000000000002', 'd0000001-0001-4000-8000-000000000017', 'paid', 358.00, 'USD', '2026-02-10', '[{"sku":"VW-MIN-001","qty":2,"price":79},{"sku":"VW-NAT-001","qty":1,"price":179}]'),
  ('f0000001-0001-4000-8000-000000000003', 'd0000001-0001-4000-8000-000000000018', 'paid', 89.00, 'USD', '2026-02-12', '[{"sku":"VW-MIN-002","qty":1,"price":89}]'),
  ('f0000001-0001-4000-8000-000000000004', 'd0000001-0001-4000-8000-000000000019', 'paid', 498.00, 'USD', '2026-02-08', '[{"sku":"VW-GEO-004","qty":2,"price":249}]'),
  ('f0000001-0001-4000-8000-000000000005', 'd0000001-0001-4000-8000-000000000020', 'paid', 169.00, 'USD', '2026-02-14', '[{"sku":"VW-ABS-003","qty":1,"price":169}]'),
  ('f0000001-0001-4000-8000-000000000006', 'd0000001-0001-4000-8000-000000000036', 'paid', 259.00, 'USD', '2026-02-05', '[{"sku":"VW-PRT-001","qty":1,"price":259}]'),
  ('f0000001-0001-4000-8000-000000000007', 'd0000001-0001-4000-8000-000000000037', 'paid', 556.00, 'USD', '2026-02-03', '[{"sku":"VW-NAT-003","qty":2,"price":199},{"sku":"VW-MIN-003","qty":1,"price":69}]'),
  ('f0000001-0001-4000-8000-000000000008', 'd0000001-0001-4000-8000-000000000038', 'paid', 119.00, 'USD', '2026-02-18', '[{"sku":"VW-GEO-001","qty":1,"price":119}]'),
  ('f0000001-0001-4000-8000-000000000009', 'd0000001-0001-4000-8000-000000000039', 'paid', 447.00, 'USD', '2026-02-07', '[{"sku":"VW-PRT-003","qty":1,"price":189},{"sku":"VW-PRT-001","qty":1,"price":259}]'),
  ('f0000001-0001-4000-8000-000000000010', 'd0000001-0001-4000-8000-000000000021', 'paid', 199.00, 'USD', '2026-02-16', '[{"sku":"VW-NAT-003","qty":1,"price":199}]'),
  ('f0000001-0001-4000-8000-000000000011', 'd0000001-0001-4000-8000-000000000022', 'sent', 278.00, 'USD', '2026-03-05', '[{"sku":"VW-ABS-002","qty":1,"price":129},{"sku":"VW-ABS-001","qty":1,"price":149}]'),
  ('f0000001-0001-4000-8000-000000000012', 'd0000001-0001-4000-8000-000000000023', 'sent', 159.00, 'USD', '2026-03-08', '[{"sku":"VW-NAT-002","qty":1,"price":159}]'),
  ('f0000001-0001-4000-8000-000000000013', 'd0000001-0001-4000-8000-000000000024', 'sent', 229.00, 'USD', '2026-03-10', '[{"sku":"VW-PRT-002","qty":1,"price":229}]'),
  ('f0000001-0001-4000-8000-000000000014', 'd0000001-0001-4000-8000-000000000025', 'sent', 696.00, 'USD', '2026-03-01', '[{"sku":"VW-GEO-003","qty":2,"price":139},{"sku":"VW-ABS-004","qty":3,"price":139}]'),
  ('f0000001-0001-4000-8000-000000000015', 'd0000001-0001-4000-8000-000000000040', 'sent', 189.00, 'USD', '2026-03-12', '[{"sku":"VW-NAT-004","qty":1,"price":189}]'),
  ('f0000001-0001-4000-8000-000000000016', 'd0000001-0001-4000-8000-000000000041', 'sent', 438.00, 'USD', '2026-03-07', '[{"sku":"VW-NAT-005","qty":1,"price":219},{"sku":"VW-NAT-005","qty":1,"price":219}]'),
  ('f0000001-0001-4000-8000-000000000017', 'd0000001-0001-4000-8000-000000000042', 'sent', 99.00, 'USD', '2026-03-15', '[{"sku":"VW-GEO-005","qty":1,"price":99}]'),
  ('f0000001-0001-4000-8000-000000000018', 'd0000001-0001-4000-8000-000000000043', 'sent', 149.00, 'USD', '2026-03-04', '[{"sku":"VW-PRT-005","qty":1,"price":149}]'),
  ('f0000001-0001-4000-8000-000000000019', 'd0000001-0001-4000-8000-000000000026', 'draft', 139.00, 'USD', '2026-03-20', '[{"sku":"VW-ABS-004","qty":1,"price":139}]'),
  ('f0000001-0001-4000-8000-000000000020', 'd0000001-0001-4000-8000-000000000027', 'draft', 258.00, 'USD', '2026-03-22', '[{"sku":"VW-ABS-002","qty":2,"price":129}]'),
  ('f0000001-0001-4000-8000-000000000021', 'd0000001-0001-4000-8000-000000000028', 'draft', 109.00, 'USD', '2026-03-25', '[{"sku":"VW-GEO-002","qty":1,"price":109}]'),
  ('f0000001-0001-4000-8000-000000000022', 'd0000001-0001-4000-8000-000000000029', 'draft', 199.00, 'USD', '2026-03-18', '[{"sku":"VW-PRT-004","qty":1,"price":199}]'),
  ('f0000001-0001-4000-8000-000000000023', 'd0000001-0001-4000-8000-000000000030', 'draft', 537.00, 'USD', '2026-03-28', '[{"sku":"VW-NAT-001","qty":3,"price":179}]'),
  ('f0000001-0001-4000-8000-000000000024', 'd0000001-0001-4000-8000-000000000046', 'overdue', 149.00, 'USD', '2026-01-25', '[{"sku":"VW-ABS-001","qty":1,"price":149}]'),
  ('f0000001-0001-4000-8000-000000000025', 'd0000001-0001-4000-8000-000000000047', 'overdue', 398.00, 'USD', '2026-01-20', '[{"sku":"VW-PRT-004","qty":2,"price":199}]')
ON CONFLICT (id) DO NOTHING;

-- ============================================================
-- ORDERS (40)
-- ============================================================
INSERT INTO erp.orders (id, customer_id, status, total, currency, line_items, subtotal, tax, shipped_at) VALUES
  ('10000001-0001-4000-8000-000000000001', 'd0000001-0001-4000-8000-000000000016', 'delivered', 163.90, 'USD', '[{"sku":"VW-ABS-001","qty":1,"price":149}]', 149.00, 14.90, '2026-02-04'),
  ('10000001-0001-4000-8000-000000000002', 'd0000001-0001-4000-8000-000000000017', 'delivered', 393.80, 'USD', '[{"sku":"VW-MIN-001","qty":2,"price":79},{"sku":"VW-NAT-001","qty":1,"price":179}]', 358.00, 35.80, '2026-02-02'),
  ('10000001-0001-4000-8000-000000000003', 'd0000001-0001-4000-8000-000000000018', 'delivered', 97.90, 'USD', '[{"sku":"VW-MIN-002","qty":1,"price":89}]', 89.00, 8.90, '2026-02-06'),
  ('10000001-0001-4000-8000-000000000004', 'd0000001-0001-4000-8000-000000000019', 'delivered', 547.80, 'USD', '[{"sku":"VW-GEO-004","qty":2,"price":249}]', 498.00, 49.80, '2026-01-30'),
  ('10000001-0001-4000-8000-000000000005', 'd0000001-0001-4000-8000-000000000020', 'delivered', 185.90, 'USD', '[{"sku":"VW-ABS-003","qty":1,"price":169}]', 169.00, 16.90, '2026-02-08'),
  ('10000001-0001-4000-8000-000000000006', 'd0000001-0001-4000-8000-000000000036', 'delivered', 284.90, 'USD', '[{"sku":"VW-PRT-001","qty":1,"price":259}]', 259.00, 25.90, '2026-01-28'),
  ('10000001-0001-4000-8000-000000000007', 'd0000001-0001-4000-8000-000000000037', 'delivered', 611.60, 'USD', '[{"sku":"VW-NAT-003","qty":2,"price":199},{"sku":"VW-MIN-003","qty":1,"price":69}]', 556.00, 55.60, '2026-01-26'),
  ('10000001-0001-4000-8000-000000000008', 'd0000001-0001-4000-8000-000000000038', 'delivered', 130.90, 'USD', '[{"sku":"VW-GEO-001","qty":1,"price":119}]', 119.00, 11.90, '2026-02-11'),
  ('10000001-0001-4000-8000-000000000009', 'd0000001-0001-4000-8000-000000000021', 'shipped', 218.90, 'USD', '[{"sku":"VW-NAT-003","qty":1,"price":199}]', 199.00, 19.90, '2026-02-24'),
  ('10000001-0001-4000-8000-000000000010', 'd0000001-0001-4000-8000-000000000022', 'shipped', 305.80, 'USD', '[{"sku":"VW-ABS-002","qty":1,"price":129},{"sku":"VW-ABS-001","qty":1,"price":149}]', 278.00, 27.80, '2026-02-23'),
  ('10000001-0001-4000-8000-000000000011', 'd0000001-0001-4000-8000-000000000023', 'shipped', 174.90, 'USD', '[{"sku":"VW-NAT-002","qty":1,"price":159}]', 159.00, 15.90, '2026-02-25'),
  ('10000001-0001-4000-8000-000000000012', 'd0000001-0001-4000-8000-000000000024', 'shipped', 251.90, 'USD', '[{"sku":"VW-PRT-002","qty":1,"price":229}]', 229.00, 22.90, '2026-02-22'),
  ('10000001-0001-4000-8000-000000000013', 'd0000001-0001-4000-8000-000000000025', 'shipped', 765.60, 'USD', '[{"sku":"VW-GEO-003","qty":2,"price":139},{"sku":"VW-ABS-004","qty":3,"price":139}]', 696.00, 69.60, '2026-02-21'),
  ('10000001-0001-4000-8000-000000000014', 'd0000001-0001-4000-8000-000000000040', 'shipped', 207.90, 'USD', '[{"sku":"VW-NAT-004","qty":1,"price":189}]', 189.00, 18.90, '2026-02-24'),
  ('10000001-0001-4000-8000-000000000015', 'd0000001-0001-4000-8000-000000000041', 'shipped', 481.80, 'USD', '[{"sku":"VW-NAT-005","qty":2,"price":219}]', 438.00, 43.80, '2026-02-23'),
  ('10000001-0001-4000-8000-000000000016', 'd0000001-0001-4000-8000-000000000042', 'shipped', 108.90, 'USD', '[{"sku":"VW-GEO-005","qty":1,"price":99}]', 99.00, 9.90, '2026-02-25'),
  ('10000001-0001-4000-8000-000000000017', 'd0000001-0001-4000-8000-000000000043', 'shipped', 163.90, 'USD', '[{"sku":"VW-PRT-005","qty":1,"price":149}]', 149.00, 14.90, '2026-02-22'),
  ('10000001-0001-4000-8000-000000000018', 'd0000001-0001-4000-8000-000000000044', 'shipped', 240.90, 'USD', '[{"sku":"VW-NAT-005","qty":1,"price":219}]', 219.00, 21.90, '2026-02-26'),
  ('10000001-0001-4000-8000-000000000019', 'd0000001-0001-4000-8000-000000000045', 'shipped', 152.90, 'USD', '[{"sku":"VW-ABS-004","qty":1,"price":139}]', 139.00, 13.90, '2026-02-25'),
  ('10000001-0001-4000-8000-000000000020', 'd0000001-0001-4000-8000-000000000031', 'shipped', 86.90, 'USD', '[{"sku":"VW-MIN-001","qty":1,"price":79}]', 79.00, 7.90, '2026-02-26'),
  ('10000001-0001-4000-8000-000000000021', 'd0000001-0001-4000-8000-000000000032', 'shipped', 174.90, 'USD', '[{"sku":"VW-NAT-002","qty":1,"price":159}]', 159.00, 15.90, '2026-02-27'),
  ('10000001-0001-4000-8000-000000000022', 'd0000001-0001-4000-8000-000000000033', 'shipped', 152.90, 'USD', '[{"sku":"VW-ABS-004","qty":1,"price":139}]', 139.00, 13.90, '2026-02-26'),
  ('10000001-0001-4000-8000-000000000023', 'd0000001-0001-4000-8000-000000000034', 'shipped', 108.90, 'USD', '[{"sku":"VW-GEO-005","qty":1,"price":99}]', 99.00, 9.90, '2026-02-27'),
  ('10000001-0001-4000-8000-000000000024', 'd0000001-0001-4000-8000-000000000026', 'confirmed', 152.90, 'USD', '[{"sku":"VW-ABS-004","qty":1,"price":139}]', 139.00, 13.90, NULL),
  ('10000001-0001-4000-8000-000000000025', 'd0000001-0001-4000-8000-000000000027', 'confirmed', 283.80, 'USD', '[{"sku":"VW-ABS-002","qty":2,"price":129}]', 258.00, 25.80, NULL),
  ('10000001-0001-4000-8000-000000000026', 'd0000001-0001-4000-8000-000000000028', 'confirmed', 119.90, 'USD', '[{"sku":"VW-GEO-002","qty":1,"price":109}]', 109.00, 10.90, NULL),
  ('10000001-0001-4000-8000-000000000027', 'd0000001-0001-4000-8000-000000000029', 'confirmed', 218.90, 'USD', '[{"sku":"VW-PRT-004","qty":1,"price":199}]', 199.00, 19.90, NULL),
  ('10000001-0001-4000-8000-000000000028', 'd0000001-0001-4000-8000-000000000030', 'confirmed', 590.70, 'USD', '[{"sku":"VW-NAT-001","qty":3,"price":179}]', 537.00, 53.70, NULL),
  ('10000001-0001-4000-8000-000000000029', 'd0000001-0001-4000-8000-000000000035', 'confirmed', 163.90, 'USD', '[{"sku":"VW-ABS-001","qty":1,"price":149}]', 149.00, 14.90, NULL),
  ('10000001-0001-4000-8000-000000000030', 'd0000001-0001-4000-8000-000000000039', 'confirmed', 273.90, 'USD', '[{"sku":"VW-GEO-004","qty":1,"price":249}]', 249.00, 24.90, NULL),
  ('10000001-0001-4000-8000-000000000031', 'd0000001-0001-4000-8000-000000000036', 'confirmed', 86.90, 'USD', '[{"sku":"VW-MIN-001","qty":1,"price":79}]', 79.00, 7.90, NULL),
  ('10000001-0001-4000-8000-000000000032', 'd0000001-0001-4000-8000-000000000037', 'confirmed', 152.90, 'USD', '[{"sku":"VW-ABS-004","qty":1,"price":139}]', 139.00, 13.90, NULL),
  ('10000001-0001-4000-8000-000000000033', 'd0000001-0001-4000-8000-000000000038', 'confirmed', 75.90, 'USD', '[{"sku":"VW-MIN-003","qty":1,"price":69}]', 69.00, 6.90, NULL),
  ('10000001-0001-4000-8000-000000000034', 'd0000001-0001-4000-8000-000000000001', 'pending', 163.90, 'USD', '[{"sku":"VW-ABS-001","qty":1,"price":149}]', 149.00, 14.90, NULL),
  ('10000001-0001-4000-8000-000000000035', 'd0000001-0001-4000-8000-000000000002', 'pending', 97.90, 'USD', '[{"sku":"VW-MIN-002","qty":1,"price":89}]', 89.00, 8.90, NULL),
  ('10000001-0001-4000-8000-000000000036', 'd0000001-0001-4000-8000-000000000003', 'pending', 350.90, 'USD', '[{"sku":"VW-GEO-003","qty":1,"price":139},{"sku":"VW-NAT-001","qty":1,"price":179}]', 318.00, 32.90, NULL),
  ('10000001-0001-4000-8000-000000000037', 'd0000001-0001-4000-8000-000000000004', 'pending', 218.90, 'USD', '[{"sku":"VW-PRT-003","qty":1,"price":189}]', 189.00, 29.90, NULL),
  ('10000001-0001-4000-8000-000000000038', 'd0000001-0001-4000-8000-000000000005', 'pending', 86.90, 'USD', '[{"sku":"VW-MIN-001","qty":1,"price":79}]', 79.00, 7.90, NULL),
  ('10000001-0001-4000-8000-000000000039', 'd0000001-0001-4000-8000-000000000046', 'cancelled', 163.90, 'USD', '[{"sku":"VW-ABS-001","qty":1,"price":149}]', 149.00, 14.90, NULL),
  ('10000001-0001-4000-8000-000000000040', 'd0000001-0001-4000-8000-000000000047', 'cancelled', 437.80, 'USD', '[{"sku":"VW-PRT-004","qty":2,"price":199}]', 398.00, 39.80, NULL)
ON CONFLICT (id) DO NOTHING;

-- ============================================================
-- SUPPLIERS (4)
-- ============================================================
INSERT INTO erp.suppliers (id, name, contact_email, category, rating, status, terms, metadata) VALUES
  ('20000001-0001-4000-8000-000000000001', 'PrintHouse Pro', 'orders@printhousepro.com', 'printing', 4.5, 'active', 'Net 30', '{"specialties":["canvas","archival paper","metal prints"]}'),
  ('20000001-0001-4000-8000-000000000002', 'FrameCraft Studios', 'sales@framecraft.com', 'framing', 4.2, 'active', 'Net 45', '{"specialties":["custom framing","shadow boxes","floating frames"]}'),
  ('20000001-0001-4000-8000-000000000003', 'PackRight Fulfillment', 'ops@packright.co', 'packaging', 4.8, 'active', 'Net 15', '{"specialties":["art packaging","bubble wrap","custom boxes"]}'),
  ('20000001-0001-4000-8000-000000000004', 'ArtShip Express', 'dispatch@artshipx.com', 'logistics', 3.9, 'active', 'Prepaid', '{"specialties":["fragile shipping","white glove","international"]}')
ON CONFLICT (id) DO NOTHING;

-- ============================================================
-- PURCHASE ORDERS (8)
-- ============================================================
INSERT INTO erp.purchase_orders (id, supplier_id, items, total_cost, status, expected_delivery) VALUES
  ('30000001-0001-4000-8000-000000000001', '20000001-0001-4000-8000-000000000001', '[{"item":"Canvas rolls 24x36","qty":50,"unit_price":12},{"item":"Archival paper packs","qty":100,"unit_price":5}]', 1100.00, 'draft', '2026-03-15'),
  ('30000001-0001-4000-8000-000000000002', '20000001-0001-4000-8000-000000000002', '[{"item":"Floating frames 24x36","qty":30,"unit_price":28}]', 840.00, 'draft', '2026-03-20'),
  ('30000001-0001-4000-8000-000000000003', '20000001-0001-4000-8000-000000000001', '[{"item":"Metal print blanks 20x30","qty":25,"unit_price":35}]', 875.00, 'submitted', '2026-03-10'),
  ('30000001-0001-4000-8000-000000000004', '20000001-0001-4000-8000-000000000003', '[{"item":"Custom boxes (medium)","qty":200,"unit_price":3.50},{"item":"Bubble wrap rolls","qty":20,"unit_price":15}]', 1000.00, 'submitted', '2026-03-05'),
  ('30000001-0001-4000-8000-000000000005', '20000001-0001-4000-8000-000000000001', '[{"item":"Canvas rolls 18x24","qty":75,"unit_price":8}]', 600.00, 'approved', '2026-03-01'),
  ('30000001-0001-4000-8000-000000000006', '20000001-0001-4000-8000-000000000003', '[{"item":"Tissue paper (acid-free)","qty":500,"unit_price":0.50},{"item":"Corner protectors","qty":300,"unit_price":1}]', 550.00, 'approved', '2026-02-28'),
  ('30000001-0001-4000-8000-000000000007', '20000001-0001-4000-8000-000000000002', '[{"item":"Shadow box frames 12x16","qty":40,"unit_price":18}]', 720.00, 'shipped', '2026-02-27'),
  ('30000001-0001-4000-8000-000000000008', '20000001-0001-4000-8000-000000000001', '[{"item":"Archival ink cartridges","qty":10,"unit_price":45}]', 450.00, 'received', '2026-02-20')
ON CONFLICT (id) DO NOTHING;

-- ============================================================
-- CAMPAIGNS (6) + MARKETING KPIs (6) + CAMPAIGN METRICS (20)
-- ============================================================
INSERT INTO erp.campaigns (id, name, type, status, budget, start_date, end_date, target_audience, channels) VALUES
  ('40000001-0001-4000-8000-000000000001', 'Spring Collection Launch', 'awareness', 'active', 500.00, '2026-02-15', '2026-03-31', 'Home decor enthusiasts 25-45', '["Meta Ads","Instagram"]'),
  ('40000001-0001-4000-8000-000000000002', 'Pinterest Home Decor', 'traffic', 'active', 400.00, '2026-02-01', '2026-04-30', 'Pinterest users interested in wall art', '["Pinterest"]'),
  ('40000001-0001-4000-8000-000000000003', 'Email Welcome Series', 'nurture', 'active', 0.00, '2026-01-15', NULL, 'New subscribers', '["Email"]'),
  ('40000001-0001-4000-8000-000000000004', 'Instagram Growth', 'awareness', 'active', 300.00, '2026-02-01', '2026-05-31', 'Art lovers and interior designers', '["Instagram","TikTok"]'),
  ('40000001-0001-4000-8000-000000000005', 'Valentine''s Day Sale', 'conversion', 'completed', 200.00, '2026-02-07', '2026-02-15', 'Gift shoppers', '["Meta Ads","Email","Instagram"]'),
  ('40000001-0001-4000-8000-000000000006', 'Abstract Art Week', 'awareness', 'paused', 150.00, '2026-02-10', '2026-02-17', 'Abstract art collectors', '["Meta Ads"]')
ON CONFLICT (id) DO NOTHING;

INSERT INTO erp.kpis (id, name, target, current, unit, period, status, domain) VALUES
  ('50000001-0001-4000-8000-000000000001', 'Conversion Rate', 3.5, 2.8, '%', 'monthly', 'at_risk', 'marketing'),
  ('50000001-0001-4000-8000-000000000002', 'Average Order Value', 120, 95, 'USD', 'monthly', 'at_risk', 'marketing'),
  ('50000001-0001-4000-8000-000000000003', 'Email Subscribers', 3000, 1250, 'subscribers', 'quarterly', 'on_track', 'marketing'),
  ('50000001-0001-4000-8000-000000000004', 'ROAS', 15, 8.5, 'x', 'monthly', 'at_risk', 'marketing'),
  ('50000001-0001-4000-8000-000000000005', 'Monthly Revenue', 30000, 18500, 'USD', 'monthly', 'at_risk', 'finance'),
  ('50000001-0001-4000-8000-000000000006', 'Instagram Followers', 10000, 3200, 'followers', 'quarterly', 'on_track', 'marketing')
ON CONFLICT (id) DO NOTHING;

INSERT INTO erp.campaign_metrics (id, campaign_id, metric_type, value, recorded_at) VALUES
  ('60000001-0001-4000-8000-000000000001', '40000001-0001-4000-8000-000000000001', 'impressions', 45000, '2026-02-20'),
  ('60000001-0001-4000-8000-000000000002', '40000001-0001-4000-8000-000000000001', 'clicks', 1800, '2026-02-20'),
  ('60000001-0001-4000-8000-000000000003', '40000001-0001-4000-8000-000000000001', 'conversions', 42, '2026-02-20'),
  ('60000001-0001-4000-8000-000000000004', '40000001-0001-4000-8000-000000000001', 'revenue', 5200, '2026-02-20'),
  ('60000001-0001-4000-8000-000000000005', '40000001-0001-4000-8000-000000000002', 'impressions', 62000, '2026-02-20'),
  ('60000001-0001-4000-8000-000000000006', '40000001-0001-4000-8000-000000000002', 'clicks', 3100, '2026-02-20'),
  ('60000001-0001-4000-8000-000000000007', '40000001-0001-4000-8000-000000000002', 'conversions', 28, '2026-02-20'),
  ('60000001-0001-4000-8000-000000000008', '40000001-0001-4000-8000-000000000002', 'revenue', 3400, '2026-02-20'),
  ('60000001-0001-4000-8000-000000000009', '40000001-0001-4000-8000-000000000003', 'opens', 890, '2026-02-20'),
  ('60000001-0001-4000-8000-000000000010', '40000001-0001-4000-8000-000000000003', 'clicks', 245, '2026-02-20'),
  ('60000001-0001-4000-8000-000000000011', '40000001-0001-4000-8000-000000000003', 'conversions', 18, '2026-02-20'),
  ('60000001-0001-4000-8000-000000000012', '40000001-0001-4000-8000-000000000004', 'impressions', 28000, '2026-02-20'),
  ('60000001-0001-4000-8000-000000000013', '40000001-0001-4000-8000-000000000004', 'followers_gained', 420, '2026-02-20'),
  ('60000001-0001-4000-8000-000000000014', '40000001-0001-4000-8000-000000000004', 'engagement_rate', 4.2, '2026-02-20'),
  ('60000001-0001-4000-8000-000000000015', '40000001-0001-4000-8000-000000000005', 'impressions', 35000, '2026-02-16'),
  ('60000001-0001-4000-8000-000000000016', '40000001-0001-4000-8000-000000000005', 'clicks', 2100, '2026-02-16'),
  ('60000001-0001-4000-8000-000000000017', '40000001-0001-4000-8000-000000000005', 'conversions', 65, '2026-02-16'),
  ('60000001-0001-4000-8000-000000000018', '40000001-0001-4000-8000-000000000005', 'revenue', 8200, '2026-02-16'),
  ('60000001-0001-4000-8000-000000000019', '40000001-0001-4000-8000-000000000006', 'impressions', 8500, '2026-02-14'),
  ('60000001-0001-4000-8000-000000000020', '40000001-0001-4000-8000-000000000006', 'clicks', 340, '2026-02-14')
ON CONFLICT (id) DO NOTHING;

-- ============================================================
-- SHIPMENTS (15)
-- ============================================================
INSERT INTO erp.shipments (id, order_id, carrier, status, origin, destination, tracking_number, estimated_arrival, actual_arrival) VALUES
  ('70000001-0001-4000-8000-000000000001', '10000001-0001-4000-8000-000000000001', 'USPS', 'delivered', 'Los Angeles, CA', 'San Diego, CA', 'USPS9400111899223100001', '2026-02-06', '2026-02-05'),
  ('70000001-0001-4000-8000-000000000002', '10000001-0001-4000-8000-000000000002', 'UPS', 'delivered', 'Los Angeles, CA', 'San Francisco, CA', 'UPS1Z999AA10123456784', '2026-02-05', '2026-02-04'),
  ('70000001-0001-4000-8000-000000000003', '10000001-0001-4000-8000-000000000003', 'FedEx', 'delivered', 'Los Angeles, CA', 'New York, NY', 'FX794644790025', '2026-02-10', '2026-02-09'),
  ('70000001-0001-4000-8000-000000000004', '10000001-0001-4000-8000-000000000004', 'UPS', 'delivered', 'Los Angeles, CA', 'Miami, FL', 'UPS1Z999AA10123456785', '2026-02-03', '2026-02-02'),
  ('70000001-0001-4000-8000-000000000005', '10000001-0001-4000-8000-000000000005', 'USPS', 'delivered', 'Los Angeles, CA', 'Chicago, IL', 'USPS9400111899223100002', '2026-02-12', '2026-02-11'),
  ('70000001-0001-4000-8000-000000000006', '10000001-0001-4000-8000-000000000009', 'UPS', 'in_transit', 'Los Angeles, CA', 'Portland, OR', 'UPS1Z999AA10123456786', '2026-03-01', NULL),
  ('70000001-0001-4000-8000-000000000007', '10000001-0001-4000-8000-000000000010', 'FedEx', 'in_transit', 'Los Angeles, CA', 'Seattle, WA', 'FX794644790026', '2026-03-02', NULL),
  ('70000001-0001-4000-8000-000000000008', '10000001-0001-4000-8000-000000000011', 'USPS', 'in_transit', 'Atlanta, GA', 'Boston, MA', 'USPS9400111899223100003', '2026-03-03', NULL),
  ('70000001-0001-4000-8000-000000000009', '10000001-0001-4000-8000-000000000012', 'UPS', 'in_transit', 'Los Angeles, CA', 'Denver, CO', 'UPS1Z999AA10123456787', '2026-03-01', NULL),
  ('70000001-0001-4000-8000-000000000010', '10000001-0001-4000-8000-000000000013', 'FedEx', 'pending', 'Los Angeles, CA', 'Austin, TX', 'FX794644790027', '2026-03-05', NULL),
  ('70000001-0001-4000-8000-000000000011', '10000001-0001-4000-8000-000000000014', 'USPS', 'pending', 'Atlanta, GA', 'Nashville, TN', 'USPS9400111899223100004', '2026-03-04', NULL),
  ('70000001-0001-4000-8000-000000000012', '10000001-0001-4000-8000-000000000015', 'UPS', 'pending', 'Los Angeles, CA', 'Phoenix, AZ', 'UPS1Z999AA10123456788', '2026-03-03', NULL),
  ('70000001-0001-4000-8000-000000000013', '10000001-0001-4000-8000-000000000016', 'FedEx', 'delayed', 'Los Angeles, CA', 'Minneapolis, MN', 'FX794644790028', '2026-02-25', NULL),
  ('70000001-0001-4000-8000-000000000014', '10000001-0001-4000-8000-000000000017', 'USPS', 'delayed', 'Atlanta, GA', 'Detroit, MI', 'USPS9400111899223100005', '2026-02-24', NULL),
  ('70000001-0001-4000-8000-000000000015', '10000001-0001-4000-8000-000000000039', 'UPS', 'returned', 'Los Angeles, CA', 'Houston, TX', 'UPS1Z999AA10123456789', '2026-02-20', NULL)
ON CONFLICT (id) DO NOTHING;

-- ============================================================
-- ROUTES (4)
-- ============================================================
INSERT INTO erp.routes (id, name, origin, destination, legs, status) VALUES
  ('80000001-0001-4000-8000-000000000001', 'West Coast Direct', 'Los Angeles, CA', 'Customer (West)', '[{"from":"Los Angeles, CA","to":"Customer","carrier":"USPS","duration":"2-4 days"}]', 'active'),
  ('80000001-0001-4000-8000-000000000002', 'East Coast via Hub', 'Los Angeles, CA', 'Customer (East)', '[{"from":"Los Angeles, CA","to":"Atlanta, GA","carrier":"FedEx","duration":"3 days"},{"from":"Atlanta, GA","to":"Customer","carrier":"USPS","duration":"1-2 days"}]', 'active'),
  ('80000001-0001-4000-8000-000000000003', 'East Coast Direct', 'Atlanta, GA', 'Customer (East)', '[{"from":"Atlanta, GA","to":"Customer","carrier":"UPS","duration":"1-3 days"}]', 'active'),
  ('80000001-0001-4000-8000-000000000004', 'Supplier Inbound', 'International', 'Los Angeles, CA', '[{"from":"Shenzhen, CN","to":"Long Beach Port","carrier":"Ocean","duration":"21 days"},{"from":"Long Beach Port","to":"Los Angeles, CA","carrier":"Truck","duration":"1 day"}]', 'active')
ON CONFLICT (id) DO NOTHING;

-- ============================================================
-- COMPLIANCE POLICIES (8) + VIOLATIONS (5)
-- ============================================================
INSERT INTO erp.policies (id, title, category, version, status, effective_date, content) VALUES
  ('90000001-0001-4000-8000-000000000001', 'GDPR Data Handling Policy', 'privacy', '1.2', 'active', '2026-01-01', 'All customer PII must be encrypted at rest and in transit. Data retention limited to 36 months. Right to erasure must be fulfilled within 30 days.'),
  ('90000001-0001-4000-8000-000000000002', 'CCPA Consumer Rights Policy', 'privacy', '1.0', 'active', '2026-01-01', 'California consumers have the right to know, delete, and opt-out of sale of personal information. Annual disclosure required.'),
  ('90000001-0001-4000-8000-000000000003', 'Return & Refund Policy', 'operational', '2.1', 'active', '2026-01-15', '30-day return window for undamaged items. Full refund within 5 business days. Custom orders non-refundable.'),
  ('90000001-0001-4000-8000-000000000004', 'Intellectual Property Policy', 'legal', '1.0', 'active', '2026-01-01', 'All AI-generated art is owned by VividWalls. Customer receives non-exclusive personal use license. Commercial licenses available for B2B.'),
  ('90000001-0001-4000-8000-000000000005', 'Marketing Ethics Policy', 'marketing', '1.1', 'active', '2026-01-15', 'No misleading claims. All testimonials must be verified. AI art labeled as AI-generated. CAN-SPAM compliance for all emails.'),
  ('90000001-0001-4000-8000-000000000006', 'PCI DSS Compliance Policy', 'security', '1.0', 'active', '2026-01-01', 'No storage of full card numbers. Tokenized payment processing via Stripe. Quarterly vulnerability scans required.'),
  ('90000001-0001-4000-8000-000000000007', 'Age Verification Policy', 'legal', '1.0', 'active', '2026-01-01', 'No sales to minors under 13. Age gate on custom portrait orders. Parental consent required for under-18 custom work.'),
  ('90000001-0001-4000-8000-000000000008', 'Accessibility Compliance (ADA/WCAG)', 'accessibility', '1.0', 'draft', '2026-03-01', 'Website must meet WCAG 2.1 AA standards. Alt text for all product images. Keyboard navigation support required.')
ON CONFLICT (id) DO NOTHING;

INSERT INTO erp.violations (id, policy_id, severity, status, description, reported_by, resolution_notes, resolved_at) VALUES
  ('aa000001-0001-4000-8000-000000000001', '90000001-0001-4000-8000-000000000001', 'critical', 'open', 'GDPR consent form missing from checkout flow — EU customers can complete purchases without explicit data processing consent', 'compliance_agent', NULL, NULL),
  ('aa000001-0001-4000-8000-000000000002', '90000001-0001-4000-8000-000000000005', 'medium', 'open', 'Marketing email sent without unsubscribe link to 12 contacts in February batch', 'marketing_agent', NULL, NULL),
  ('aa000001-0001-4000-8000-000000000003', '90000001-0001-4000-8000-000000000003', 'low', 'resolved', 'Return processed after 30-day window for order #1024 — customer service override not documented', 'coo_agent', 'Exception approved by COO. Process updated to require documentation for all overrides.', '2026-02-15'),
  ('aa000001-0001-4000-8000-000000000004', '90000001-0001-4000-8000-000000000006', 'medium', 'resolved', 'Quarterly PCI vulnerability scan was 5 days overdue', 'cto_agent', 'Scan completed. No vulnerabilities found. Calendar reminder set for future scans.', '2026-02-10'),
  ('aa000001-0001-4000-8000-000000000005', '90000001-0001-4000-8000-000000000004', 'low', 'resolved', 'Product image used in Pinterest ad was not tagged as AI-generated', 'legal_agent', 'Image updated with AI disclosure tag. All ad creatives reviewed and updated.', '2026-02-18')
ON CONFLICT (id) DO NOTHING;

-- ============================================================
-- LEGAL: Structure, Contracts, Docs, Guardrails
-- ============================================================
INSERT INTO erp.legal_structure (id, business_name, legal_name, entity_type, state_of_formation, ein, formation_date, registered_agent, principal_address) VALUES
  ('bb000001-0001-4000-8000-000000000001', 'VividWalls', 'VividWalls LLC', 'llc', 'Delaware', '88-1234567', '2025-12-15', 'Registered Agents Inc.', '1234 Sunset Blvd, Los Angeles, CA 90028')
ON CONFLICT (id) DO NOTHING;

INSERT INTO erp.partnership_contracts (id, partner_name, partner_type, ownership_pct, revenue_share_pct, status, start_date, end_date, terms) VALUES
  ('cc000001-0001-4000-8000-000000000001', 'The Artisan Gallery', 'company', NULL, 15.00, 'active', '2026-01-15', '2027-01-15', '{"display_locations":3,"exclusivity":"non-exclusive","commission":"15% of gallery sales"}'),
  ('cc000001-0001-4000-8000-000000000002', 'Maya Torres', 'individual', NULL, 10.00, 'active', '2026-02-01', '2026-08-01', '{"collection_name":"Urban Dreams","pieces":12,"royalty":"10% per sale"}'),
  ('cc000001-0001-4000-8000-000000000003', 'Design Collective Network', 'company', NULL, 20.00, 'draft', NULL, NULL, '{"commission":"20% referral fee","minimum_order":500,"tier":"gold"}')
ON CONFLICT (id) DO NOTHING;

INSERT INTO erp.freelancer_contracts (id, contractor_name, scope_of_work, rate_type, rate_amount, currency, status, start_date, end_date, deliverables) VALUES
  ('dd000001-0001-4000-8000-000000000001', 'Alex Chen', 'Product mockups, social media graphics, email templates', 'hourly', 75.00, 'USD', 'active', '2026-01-10', '2026-07-10', '["Product mockups (3/week)","Social media templates","Email header designs"]'),
  ('dd000001-0001-4000-8000-000000000002', 'Jordan Lee', 'Instagram and TikTok content creation, community management, analytics reporting', 'retainer', 2500.00, 'USD', 'active', '2026-01-15', '2026-04-15', '["5 posts/week","Daily community engagement","Monthly analytics report"]'),
  ('dd000001-0001-4000-8000-000000000003', 'Sam Rivera', 'Product descriptions, blog posts, email copy', 'hourly', 50.00, 'USD', 'active', '2026-02-01', '2026-05-01', '["30 product descriptions","4 blog posts/month","Email campaign copy"]'),
  ('dd000001-0001-4000-8000-000000000004', 'Nina Patel', 'Lifestyle photography for spring collection launch', 'fixed', 500.00, 'USD', 'completed', '2026-02-10', '2026-02-14', '["20 lifestyle photos","5 flat-lay compositions","Post-processing included"]')
ON CONFLICT (id) DO NOTHING;

INSERT INTO erp.corporate_documents (id, title, doc_type, status, filing_date, expiry_date, jurisdiction, document_url, metadata) VALUES
  ('ee000001-0001-4000-8000-000000000001', 'Articles of Incorporation — VividWalls LLC', 'articles_of_incorporation', 'active', '2025-12-15', NULL, 'Delaware', '/docs/legal/articles-of-incorporation.pdf', '{"filed_with":"Delaware Division of Corporations"}'),
  ('ee000001-0001-4000-8000-000000000002', 'Operating Agreement', 'operating_agreement', 'active', '2025-12-15', NULL, 'Delaware', '/docs/legal/operating-agreement.pdf', '{"version":"1.0","signatories":["Kingsley Bercy"]}'),
  ('ee000001-0001-4000-8000-000000000003', 'EIN Confirmation Letter (IRS)', 'ein_letter', 'active', '2025-12-20', NULL, 'Federal', '/docs/legal/ein-letter.pdf', '{"ein":"88-1234567"}'),
  ('ee000001-0001-4000-8000-000000000004', 'City of Los Angeles Business License', 'business_license', 'active', '2026-01-05', '2027-01-05', 'California — Los Angeles', '/docs/legal/business-license.pdf', '{"license_number":"BL-2026-004521"}'),
  ('ee000001-0001-4000-8000-000000000005', 'VividWalls Trademark Registration', 'trademark', 'active', '2026-01-20', '2036-01-20', 'Federal (USPTO)', '/docs/legal/trademark-registration.pdf', '{"registration_number":"7,234,567","class":"IC 016 — Prints and publications"}')
ON CONFLICT (id) DO NOTHING;

INSERT INTO erp.compliance_guardrails (id, name, category, description, rule_expression, severity, active) VALUES
  ('ff000001-0001-4000-8000-000000000001', 'Marketing Spend Cap', 'financial', 'Monthly marketing spend must not exceed $2,000 without CFO approval', 'marketing_monthly_spend <= 2000', 'warning', true),
  ('ff000001-0001-4000-8000-000000000002', 'Order Fulfillment SLA', 'operational', 'Orders must ship within 3 business days of payment', 'order_ship_time_days <= 3', 'critical', true),
  ('ff000001-0001-4000-8000-000000000003', 'GDPR Data Retention', 'legal', 'Customer PII must be purged after 36 months of inactivity', 'customer_inactive_months <= 36', 'critical', true),
  ('ff000001-0001-4000-8000-000000000004', 'Sales Tax Collection', 'tax', 'Sales tax must be collected for all US orders based on destination state', 'us_order_has_tax == true', 'critical', true),
  ('ff000001-0001-4000-8000-000000000005', 'Inventory Reorder Threshold', 'operational', 'Auto-reorder triggered when stock falls below reorder point', 'stock_qty >= reorder_point', 'warning', true),
  ('ff000001-0001-4000-8000-000000000006', 'Minimum Product Price Floor', 'financial', 'No product may be sold below $39 to maintain brand positioning', 'product_price >= 39', 'warning', true)
ON CONFLICT (id) DO NOTHING;

-- ============================================================
-- ANALYTICS: Reports (4) + Dashboards (2) + Snapshots (3)
-- ============================================================
INSERT INTO erp.reports (id, name, type, query, parameters, schedule, status, last_run_at) VALUES
  ('ab000001-0001-4000-8000-000000000001', 'Monthly Revenue Report', 'financial', 'SELECT date_trunc(''month'', created_at) as month, SUM(total) as revenue FROM erp.orders WHERE status NOT IN (''cancelled'') GROUP BY 1 ORDER BY 1', '{}', '0 0 1 * *', 'active', '2026-02-01'),
  ('ab000001-0001-4000-8000-000000000002', 'Customer Acquisition Report', 'operational', 'SELECT lifecycle_stage, COUNT(*) as count FROM erp.contacts GROUP BY 1', '{}', '0 9 * * 1', 'active', '2026-02-24'),
  ('ab000001-0001-4000-8000-000000000003', 'Product Performance Report', 'kpi', 'SELECT p.name, p.category, p.stock_qty, COUNT(o.id) as order_count FROM erp.products p LEFT JOIN erp.orders o ON o.line_items::text LIKE ''%'' || p.sku || ''%'' GROUP BY 1,2,3 ORDER BY 4 DESC', '{}', '0 9 * * *', 'active', '2026-02-27'),
  ('ab000001-0001-4000-8000-000000000004', 'Campaign ROI Report', 'financial', 'SELECT c.name, c.budget, SUM(cm.value) FILTER (WHERE cm.metric_type=''revenue'') as revenue FROM erp.campaigns c LEFT JOIN erp.campaign_metrics cm ON cm.campaign_id=c.id GROUP BY 1,2', '{}', '0 0 * * 1', 'active', '2026-02-24')
ON CONFLICT (id) DO NOTHING;

INSERT INTO erp.dashboards (id, name, description, widgets, owner_id, layout) VALUES
  ('ac000001-0001-4000-8000-000000000001', 'CEO Overview', 'Executive dashboard with key business metrics', '[{"type":"kpi","reportId":"ab000001-0001-4000-8000-000000000001","position":{"x":0,"y":0,"w":6,"h":2}},{"type":"chart","reportId":"ab000001-0001-4000-8000-000000000002","position":{"x":6,"y":0,"w":6,"h":2}},{"type":"table","reportId":"ab000001-0001-4000-8000-000000000003","position":{"x":0,"y":2,"w":12,"h":3}},{"type":"chart","reportId":"ab000001-0001-4000-8000-000000000004","position":{"x":0,"y":5,"w":12,"h":2}}]', 'ceo_agent', '{"columns":12,"rowHeight":80}'),
  ('ac000001-0001-4000-8000-000000000002', 'Marketing Performance', 'Campaign metrics and marketing KPIs', '[{"type":"kpi","reportId":"ab000001-0001-4000-8000-000000000004","position":{"x":0,"y":0,"w":12,"h":2}},{"type":"chart","reportId":"ab000001-0001-4000-8000-000000000001","position":{"x":0,"y":2,"w":6,"h":3}},{"type":"table","reportId":"ab000001-0001-4000-8000-000000000003","position":{"x":6,"y":2,"w":6,"h":3}}]', 'cmo_agent', '{"columns":12,"rowHeight":80}')
ON CONFLICT (id) DO NOTHING;

INSERT INTO erp.data_snapshots (id, report_id, data, generated_at) VALUES
  ('ad000001-0001-4000-8000-000000000001', 'ab000001-0001-4000-8000-000000000001', '{"rows":[{"month":"2026-01","revenue":8200},{"month":"2026-02","revenue":18500}]}', '2026-02-28'),
  ('ad000001-0001-4000-8000-000000000002', 'ab000001-0001-4000-8000-000000000002', '{"rows":[{"lifecycle_stage":"lead","count":15},{"lifecycle_stage":"customer","count":20},{"lifecycle_stage":"loyal","count":10},{"lifecycle_stage":"churned","count":5}]}', '2026-02-24'),
  ('ad000001-0001-4000-8000-000000000003', 'ab000001-0001-4000-8000-000000000001', '{"rows":[{"month":"2026-01","revenue":8200}]}', '2026-02-01')
ON CONFLICT (id) DO NOTHING;

COMMIT;
